"File","Nested","ContainerJar","Loader","ModIds","DisplayName","Version","Authors","Credits","LicenseDeclared","LicenseNormalized","LicenseCategory","Homepage","IssueTracker","BundledLicenseFiles","LicenseFileCount","RootLicenseFiles","ComponentLicenseFiles","AmbiguousLicenseFiles","SplitLicenseHint","SniffedLicenseFiles","Sha1","PackVersion","ModrinthProjectId","ModrinthSlug","ModrinthTitle","ModrinthLicenseId","ModrinthLicenseName","ModrinthLicenseUrl","ModrinthLicenseCategory","ModrinthUrl","LicenseAgreement"
"[1.21.1] SecurityCraft v1.10.2.1.jar","False","","NeoForge","securitycraft, neoforge, minecraft","SecurityCraft","${file.jarVersion}","Geforce, bl4ckscor3, Redstone_Dubstep, and ChainmailPickaxe","Thanks to all of you guys for your support!","MIT https://github.com/Geforce132/SecurityCraft/blob/master/LICENSE","MIT","Permissive","https://discord.gg/U8DvBAW","http://github.com/Geforce132/SecurityCraft/issues","","0","","","","False","","8760079e80039f982f1a92d3ee9d60a2bcab3251","v0.0.1-Alpha","v8jzRtAt","security-craft","SecurityCraft","MIT","MIT License","","Permissive","https://modrinth.com/mod/security-craft","Match"
"[Neoforge]ctov-3.6.3.jar","False","","NeoForge","ctov, lithostitched, neoforge, minecraft","ChoiceTheorem's Overhauled Village","3.6.3","ChoiceTheorem","","BY-NC-ND-4.0","CC BY-NC-ND","CC (no derivatives)","https://modrinth.com/mod/ct-overhaul-village","https://github.com/ChoiceTheorem/ChoiceTheorem-s-overhauled-village/issues","","0","","","","False","","c5fe733d743af20f84eb87dd75b5bb57684f3e05","v0.0.1-Alpha","fgmhI8kH","ct-overhaul-village","ChoiceTheorem's Overhauled Village","CC-BY-NC-ND-4.0","Creative Commons Attribution Non Commercial No Derivatives 4.0 International","","CC (no derivatives)","https://modrinth.com/mod/ct-overhaul-village","Match"
"accelerated-decay-neoforge-21.0.0.jar","False","","NeoForge","accelerateddecay, neoforge, minecraft, architectury","Accelerated Decay","21.0.0","ErrorMikey","","GPL3","GPL","Strong copyleft","","https://github.com/Nanite/AcceleratedDecay/issues","","0","","","","False","","b023fe4daf1379f0f4233bea02ba112f3854db3e","v0.0.1-Alpha","laX5CckD","accelerated-decay","Accelerated Decay","LGPL-3.0-only","GNU Lesser General Public License v3.0 only","","Weak copyleft","https://modrinth.com/mod/accelerated-decay","MISMATCH"
"aces_spell_utils-1.2.7.0-1.21.1.jar","False","","NeoForge","aces_spell_utils, neoforge, minecraft","Ace's Spell Utils","1.2.7.0-1.21.1","Ace The Eldritch King","","MIT","MIT","Permissive","","","","0","","","","False","","c3ed4efdec81017f5f64bb3176fedf98c60f1e5e","v0.0.1-Alpha","7Jy4rK9m","aces-spell-utils","Ace's Spell Utils","MIT","MIT License","","Permissive","https://modrinth.com/mod/aces-spell-utils","Match"
"additional_lights-neoforge-1.21-2.1.10.jar","False","","NeoForge","additional_lights, neoforge, minecraft","Additional Lights","2.1.10","mgen256","","MIT License","MIT","Permissive","https://www.curseforge.com/minecraft/mc-mods/additional-lights","","","0","","","","False","","8dc485146437e8ac40dd29e10747601fd4e372ca","v0.0.1-Alpha","","","","","","","","","NotOnModrinth"
"AdditionalEnchantedMiner-1.21.1-neoforge-21.1.153.jar","False","","NeoForge","quarryplus, neoforge","QuarryPlus","21.1.153","Kotori316","Kotori316","GNU Lesser General Public License v3.0","LGPL","Weak copyleft","https://github.com/Kotori316/QuarryPlus","https://github.com/Kotori316/QuarryPlus/issues","","0","","","","False","","52caa75215b244871e274152fb2174320287ca72","v0.0.1-Alpha","jhxX1zVW","additional-enchanted-miner","Additional Enchanted Miner","LGPL-3.0-only","GNU Lesser General Public License v3.0 only","","Weak copyleft","https://modrinth.com/mod/additional-enchanted-miner","Match"
"addonslib-neoforge-1.21.1-1.13.jar","False","","NeoForge","addonslib, neoforge, minecraft","AddonsLib","1.21.1-1.13","Samlegamer","","All Rights Reserved","All Rights Reserved","ARR - check terms","https://www.curseforge.com/minecraft/mc-mods/addonslib","https://github.com/Samlegamer/AddonsLib","LICENSE_AddonsLib","1","LICENSE_AddonsLib","","","False","","bd45556ba6b476e7656a6c97e9f398e5f0a91f2c","v0.0.1-Alpha","cl5ec0Qm","addonslib","AddonsLib","LicenseRef-All-Rights-Reserved","","","ARR - check terms","https://modrinth.com/mod/addonslib","Match"
"AdvancedAE-1.6.11-1.21.1.jar","False","","NeoForge","advanced_ae, neoforge, minecraft, ae2, ae2addonlib, geckolib, ae2wtlib_api, ae2wtlib","Advanced AE","1.6.11-1.21.1","Pedroksl","Ridanisaurus Rid for texture style, Jm³ and Sea_Kerman for models","LGPL-3.0","LGPL","Weak copyleft","https://github.com/pedroksl/AdvancedAE","https://github.com/pedroksl/AdvancedAE/issues","","0","","","","False","","0af8033f7291b9f5062b229053e16b439a906db9","v0.0.1-Alpha","rxYaglEe","advancedae","AdvancedAE","LGPL-3.0-or-later","GNU Lesser General Public License v3.0 or later","","Weak copyleft","https://modrinth.com/mod/advancedae","Match"
"advancednetherite-neoforge-2.3.1-1.21.1.jar","False","","NeoForge","advancednetherite, neoforge, minecraft","Advanced Netherite","2.3.1","Autovw","","GNU General Public License v3.0","GPL","Strong copyleft","https://github.com/Autovw/AdvancedNetherite/wiki","https://github.com/Autovw/AdvancedNetherite/issues","","0","","","","False","","99003aafa635f316bdcf2db4a70989890a4d944d","v0.0.1-Alpha","CFX9ftUJ","advanced-netherite","Advanced Netherite","LicenseRef-Custom","","https://github.com/Autovw/AdvancedNetherite/blob/1.18.X/LICENSE","Custom (LicenseRef)","https://modrinth.com/mod/advanced-netherite","ModrinthCustom"
"AdvancedPeripherals-1.21.1-0.7.62b.jar","False","","NeoForge","advancedperipherals, neoforge, minecraft, computercraft, ae2, minecolonies, patchouli, mekanism","Advanced Peripherals","0.7.62b","Srendi","","All rights reserved","All Rights Reserved","ARR - check terms","https://docs.intelligence-modding.de/","https://github.com/Seniorendi/AdvancedPeripherals/issues","","0","","","","False","","fcbd66eb380e2712c0d00c1c7fb1c55bf0cdc470","v0.0.1-Alpha","SOw6jD6x","advancedperipherals","Advanced Peripherals","Apache-2.0","Apache License 2.0","","Permissive","https://modrinth.com/mod/advancedperipherals","MISMATCH"
"AdvancementPlaques-1.21.1-neoforge-1.6.8.jar","False","","NeoForge","advancementplaques, neoforge, minecraft, iceberg, prism, toastcontrol","Advancement Plaques","1.6.8","Grend","","CC BY-NC-ND 4.0","CC BY-NC-ND","CC (no derivatives)","https://anthonyhilyard.com/","","","0","","","","False","","829d33e71b30e9158d772f5963bb6020f6026d78","v0.0.1-Alpha","9NM0dXub","advancement-plaques","Advancement Plaques","CC-BY-NC-ND-4.0","Creative Commons Attribution Non Commercial No Derivatives 4.0 International","","CC (no derivatives)","https://modrinth.com/mod/advancement-plaques","Match"
"ae2ct-1.21.1-1.1.1.jar","False","","NeoForge","ae2ct, neoforge, minecraft, ae2","AE2:Crafting Tree","1.21.1-1.1.1","Neuvillette","","All Rights Reserved","All Rights Reserved","ARR - check terms","","","","0","","","","False","","2e425a9dc8891bdcd3b2914506d1bc33414b61be","v0.0.1-Alpha","","","","","","","","","NotOnModrinth"
"ae2importexportcard-1.21.1-1.5.0.jar","False","","NeoForge","ae2importexportcard, ae2, ae2wtlib, neoforge, minecraft","AE2 Import Export Card","1.21.1-1.5.0","Ultramega","","MIT","MIT","Permissive","https://www.curseforge.com/minecraft/mc-mods/ae2-import-export-card","https://github.com/starforcraft/AE2-Import-Export-Card/issues/new/choose","","0","","","","False","","4434d42eace0e574ecb42dffb7770f9f927d71e1","v0.0.1-Alpha","qelfSMnn","ae2-import-export-card","AE2 Import Export Card","MIT","MIT License","","Permissive","https://modrinth.com/mod/ae2-import-export-card","Match"
"ae2jeiintegration-1.2.1.jar","False","","NeoForge","ae2jeiintegration, ae2, jei","AE2 JEI Integration","1.2.1","Tamaized, mezz","","LGPL-3.0","LGPL","Weak copyleft","","","","0","","","","False","","e99898b3e9c32bf6ac757e7ad50247746622cdfc","v0.0.1-Alpha","","","","","","","","","NotOnModrinth"
"AE2NetworkAnalyzer-1.21-2.1.5-neoforge.jar","False","","NeoForge","ae2netanalyser, neoforge, minecraft, ae2, glodium","AE2NetworkAnalyzer","1.21-2.1.5-neoforge","GlodBlock","bdew","LGPL-3.0","LGPL","Weak copyleft","https://github.com/GlodBlock/ExtendedAE","https://github.com/GlodBlock/ExtendedAE/issues","","0","","","","False","","c6cb26a2031687d801bf1763dc0c75cd92f3715c","v0.0.1-Alpha","","","","","","","","","NotOnModrinth"
"ae2wtlib-19.5.0.jar","False","","NeoForge","ae2wtlib, ae2wtlib_api, ae2, curios, extendedae, megacells","AE2WTLib","19.5.0","mari_023, Ridanisaurus","","MIT","MIT","Permissive","","https://github.com/Mari023/AE2WirelessTerminalLibrary/issues","","0","","","","False","","de72e7f4d8d9d29dbe7f8790644b32f6c5b9655f","v0.0.1-Alpha","pNabrMMw","applied-energistics-2-wireless-terminals","Applied Energistics 2 Wireless Terminals","MIT","MIT License","","Permissive","https://modrinth.com/mod/applied-energistics-2-wireless-terminals","Match"
"aeinfinitybooster-neoforge-1.21.1-1.0.0.54.jar","False","","NeoForge","aeinfinitybooster, neoforge, minecraft, ae2","AEInfinityBooster","1.21.1-1.0.0.54","Hexeption","","GNU Lesser General Public License","LGPL","Weak copyleft","","","","0","","","","False","","d00daf281a852358022b936a21ae272578f00afd","v0.0.1-Alpha","VQhDBNs8","aeinfinitybooster","AEInfinityBooster","LGPL-3.0-only","GNU Lesser General Public License v3.0 only","","Weak copyleft","https://modrinth.com/mod/aeinfinitybooster","Match"
"aether_protect_your_moa-1.21.1-1.0.0-neoforge.jar","False","","NeoForge","aether_protect_your_moa, neoforge, aether, minecraft","Protect Your Moa","1.0.0","bconlon, Oz Payn","The Aether Team","Assets: All Rights Reserved; Code: LGPL-3.0","Assets: All Rights Reserved; Code: LGPL-3.0","Split / multiple - review","https://modrinth.com/mod/aether-protect-your-moa","https://github.com/The-Aether-Team/Protect-Your-Moa/issues","","0","","","","False","","3fb4e3df7f3ad33f80c76c4cb77e5041fcce1409","v0.0.1-Alpha","6KeEgbxe","aether-protect-your-moa","Aether Addon: Protect Your Moa","LicenseRef-Custom","","https://github.com/The-Aether-Team/Protect-Your-Moa#scroll-license-information","Custom (LicenseRef)","https://modrinth.com/mod/aether-protect-your-moa","ModrinthCustom"
"aether-1.21.1-1.5.10-neoforge.jar","False","","NeoForge","aether, neoforge, minecraft","The Aether","1.5.10","AlphaMode, baguchi, bconlon, Blodhgarm, Burning Cactus, Drullkus, Hugo Payn, Jaryt, Katie 'Oz' Payn, quek, Raptor, reetam, RENREN, sunsette","The Aether Team, former Aether Team Collaborators for their prior work on The Aether Mod, Modding Legacy for their work on Aether Legacy, GitHub contributors for their additional help, and the Wisp Forest Team for Accessories, the source code of which can be found at https://github.com/wisp-forest","Assets: All Rights Reserved; Code: LGPL-3.0","Assets: All Rights Reserved; Code: LGPL-3.0","Split / multiple - review","https://modrinth.com/mod/aether","https://github.com/The-Aether-Team/The-Aether/issues","","0","","","","False","","7554b1dd391b8dd06a810918ec705d0493f693eb","v0.0.1-Alpha","YhmgMVyu","aether","The Aether","LicenseRef-Custom","","https://github.com/The-Aether-Team/The-Aether#scroll-license-information","Custom (LicenseRef)","https://modrinth.com/mod/aether","ModrinthCustom"
"AetherVillages-1.21.1-1.0.8-neoforge.jar","False","","NeoForge","aether_villages, neoforge, minecraft, architectury","Aether Villages","1.0.8","Aureljz, DiamondTown","","All Rights Reserved","All Rights Reserved","ARR - check terms","","","","0","","","","False","","0795d6a8934c90475c930149940937d6bea515af","v0.0.1-Alpha","3P2XnNW6","aether-villages","Aether Villages","LicenseRef-All-Rights-Reserved","","","ARR - check terms","https://modrinth.com/mod/aether-villages","Match"
"alltheleaks-1.1.9+1.21.1-neoforge.jar","False","","NeoForge","alltheleaks, neoforge, minecraft, irons_spellbooks, railcraft, geckolib, entityculling, dummmmmmy, pneumaticcraft, ambientsounds, occultism","All The Leaks","1.1.9+1.21.1-neoforge","Uncandango","","MIT","MIT","Permissive","","","","0","","","","False","","2e9d1bc9bb9801af070f59a808db232c2a6526dd","v0.0.1-Alpha","","","","","","","","","NotOnModrinth"
"Almanac-1.21.1-2-neoforge-1.5.2.jar","False","","NeoForge","almanac, neoforge, minecraft","Almanac","1.5.2","frikinjay","","GNU LGPL 3.0","LGPL","Weak copyleft","","https://github.com/frikinjay/almanac","","0","","","","False","","d613dbc38ca5bcc718408db432385c2e67ac763f","v0.0.1-Alpha","Gi02250Z","almanac","Almanac","LGPL-3.0-only","GNU Lesser General Public License v3.0 only","","Weak copyleft","https://modrinth.com/mod/almanac","Match"
"almostunified-neoforge-1.21.1-1.4.2.jar","False","","NeoForge","almostunified, neoforge, minecraft, jei, roughlyenoughitems, emi","AlmostUnified","1.21.1-1.4.2","Almost Reliable","","All Rights Reserved","All Rights Reserved","ARR - check terms","","https://github.com/AlmostReliable/almostunified/issues","","0","","","","False","","f9a58fa95780f4b045d30559c1fdaedaa7f0fba3","v0.0.1-Alpha","sdaSaQEz","almostunified","Almost Unified","LicenseRef-All-Rights-Reserved","","","ARR - check terms","https://modrinth.com/mod/almostunified","Match"
"AmbientSounds_NEOFORGE_v6.3.8_mc1.21.1.jar","False","","NeoForge","ambientsounds, neoforge, minecraft, creativecore","AmbientSounds","6.3.8","CreativeMD","","LGPL-3.0-only","LGPL","Weak copyleft","https://modrinth.com/mod/ambientsounds","https://github.com/CreativeMD/AmbientSounds/issues","","0","","","","False","","c79ab328b2c46068effebdcb3f26e98dc4404cb0","v0.0.1-Alpha","fM515JnW","ambientsounds","AmbientSounds","LGPL-3.0-only","GNU Lesser General Public License v3.0 only","","Weak copyleft","https://modrinth.com/mod/ambientsounds","Match"
"amendments-neoforge-1.21-2.1.7.jar","False","","NeoForge","amendments, neoforge, minecraft, moonlight","Amendments","1.21-2.1.7","MehVahdJukaar, Plantkillable","MehVahdJukaar","Supplementaries Team License v.1.5","Supplementaries Team License v.1.5","Custom - review manually","","https://github.com/MehVahdJukaar/amendments/issues","LICENSE_Amendments.md","1","LICENSE_Amendments.md","","","False","","69b9a6243a1513f7e40780367c40d23a4d687439","v0.0.1-Alpha","6iTJugQR","amendments","Amendments","LicenseRef-Supplementaries-Team-License-1.1","","https://github.com/MehVahdJukaar/Supplementaries-Team-License/blob/main/LICENSE.md","Custom (LicenseRef)","https://modrinth.com/mod/amendments","ModrinthCustom"
"aperture_innovations-neoforge-2.1.1.jar","False","","NeoForge","aperture_innovations, neoforge, minecraft, geckolib","Aperture Innovations","2.1.1","mistersecret312","","MIT","MIT","Permissive","","","","0","","","","False","","38568a44bfc3d20dfc2815a15cca955d8c926293","v0.0.1-Alpha","GsmkmPdY","aperture-innovations","Aperture Innovations - Portal Gun","MIT","MIT License","","Permissive","https://modrinth.com/mod/aperture-innovations","Match"
"Apotheosis-1.21.1-8.5.4.jar","False","","NeoForge","apotheosis, minecraft, neoforge, placebo, apothic_attributes, apothic_spawners, apothic_enchanting, curios, gateways","Apotheosis","8.5.4","Shadows_of_Fire","","MIT License (code) / All Rights Reserved (assets)","MIT License (code) / All Rights Reserved (assets)","Split / multiple - review","https://www.curseforge.com/minecraft/mc-mods/apotheosis","","","0","","","","False","","24c28cdf26514148a92f7b8c620ec54a2cd2c9ca","v0.0.1-Alpha","","","","","","","","","NotOnModrinth"
"ApothicAttributes-1.21.1-2.9.1.jar","False","","NeoForge","apothic_attributes, minecraft, neoforge, placebo","Apothic Attributes","2.9.1","Shadows_of_Fire","","MIT License","MIT","Permissive","","","","0","","","","False","","55f1201784b250d4304c67ccf6274928bc894f29","v0.0.1-Alpha","DGaH8Rh0","apothic-attributes","Apothic Attributes","MIT","MIT License","","Permissive","https://modrinth.com/mod/apothic-attributes","Match"
"ApothicEnchanting-1.21.1-1.5.3.jar","False","","NeoForge","apothic_enchanting, minecraft, neoforge, placebo, apothic_attributes","Apothic Enchanting","1.5.3","Shadows_of_Fire","","MIT License","MIT","Permissive","","","","0","","","","False","","751276a13db49a5f2202e50715b8864f5ae40cb6","v0.0.1-Alpha","","","","","","","","","NotOnModrinth"
"ApothicSpawners-1.21.1-1.3.4.jar","False","","NeoForge","apothic_spawners, minecraft, neoforge, placebo","Apothic Spawners","1.3.4","Shadows_of_Fire","","MIT License","MIT","Permissive","","","","0","","","","False","","26d701238bdb76a497a64f588409419ad067e557","v0.0.1-Alpha","","","","","","","","","NotOnModrinth"
"Applied-Mekanistics-1.6.3.jar","False","","NeoForge","appmek, neoforge, ae2, mekanism","Applied Mekanistics","1.6.3","ramidzkh","","See GitHub repository for details","See GitHub repository for details","Custom - review manually","https://github.com/AppliedEnergistics/Applied-Mekanistics#readme","https://github.com/AppliedEnergistics/Applied-Mekanistics/issues","","0","","","","False","","bec4a47269ec23bca2329742e13409bfde69c5c3","v0.0.1-Alpha","IiATswDj","applied-mekanistics","Applied Mekanistics","LGPL-3.0-only","GNU Lesser General Public License v3.0 only","","Weak copyleft","https://modrinth.com/mod/applied-mekanistics","MISMATCH"
"appliede-1.0.8-beta.jar","False","","NeoForge","appliede, ae2, projecte, ae2wtlib, teamprojecte","AppliedE","1.0.8-beta","90","","LGPLv3.0","LGPL","Weak copyleft","https://github.com/62832/AppliedE","https://github.com/62832/AppliedE/issues","LICENSE_appliede","1","LICENSE_appliede","","","False","","86e302e0d2ee039b74590d13caf50d9636957cfc","v0.0.1-Alpha","SyKS54UY","appliede","AppliedE","LGPL-3.0-only","GNU Lesser General Public License v3.0 only","","Weak copyleft","https://modrinth.com/mod/appliede","Match"
"appliedenergistics2-19.2.17.jar","False","","NeoForge","ae2, neoforge, minecraft, guideme, emi, theoneprobe, jade, vanillafix","Applied Energistics 2","19.2.17","Team AppliedEnergistics","","See GitHub repository for details","See GitHub repository for details","Custom - review manually","https://appliedenergistics.org","https://github.com/AppliedEnergistics/Applied-Energistics-2/issues","NOTICE","1","NOTICE","","","False","","49c18d6a4af487957d7e5a6ad5dcbf71090b8e14","v0.0.1-Alpha","XxWD5pD3","ae2","Applied Energistics 2","LicenseRef-Multiple","","https://github.com/AppliedEnergistics/Applied-Energistics-2#license","Custom (LicenseRef)","https://modrinth.com/mod/ae2","ModrinthCustom"
"AppliedFlux-1.21-2.1.4-neoforge.jar","False","","NeoForge","appflux, neoforge, minecraft, ae2, guideme, glodium, mekanism, modern_industrialization","AppliedFlux","1.21-2.1.4-neoforge","GlodBlock","Ridanisaurus for the new textures.","LGPL-3.0","LGPL","Weak copyleft","https://github.com/GlodBlock/ExtendedAE","https://github.com/GlodBlock/ExtendedAE/issues","","0","","","","False","","741e856b0c928fc15b59e92d98ea75ef98541ee8","v0.0.1-Alpha","oMgZ004U","appflux","Applied Flux","LGPL-3.0-only","GNU Lesser General Public License v3.0 only","","Weak copyleft","https://modrinth.com/mod/appflux","Match"
"Aquaculture-1.21.1-2.7.21.jar","False","","NeoForge","aquaculture, neoforge","Aquaculture 2","2.7.21","Shadowclaimer, Girafi","Glassmaker, lclc98, Freyja, and Rebelkeithy","All Rights Reserved","All Rights Reserved","ARR - check terms","https://minecraft.curseforge.com/projects/aquaculture","https://github.com/TeamMetallurgy/Aquaculture/issues","","0","","","","False","","93c2043c6a5cfbfbfba93321d044bc61d8a6547b","v0.0.1-Alpha","Vl1uNAuy","aquaculture","Aquaculture 2","LicenseRef-All-Rights-Reserved","","","ARR - check terms","https://modrinth.com/mod/aquaculture","Match"
"architectury-13.0.8-neoforge.jar","False","","NeoForge","architectury, minecraft, neoforge","Architectury","13.0.8","shedaniel","","GNU LGPLv3","LGPL","Weak copyleft","","https://github.com/shedaniel/architectury/issues","","0","","","","False","","6ca11d3cc136bf69bb8f4d56982481eb85b5100b","v0.0.1-Alpha","lhGA9TYQ","architectury-api","Architectury API","LGPL-3.0-only","GNU Lesser General Public License v3.0 only","","Weak copyleft","https://modrinth.com/mod/architectury-api","Match"
"ars_additions-1.21.1-21.3.0.jar","False","","NeoForge","ars_additions, neoforge, minecraft, curios, ars_nouveau","Ars Additions","1.21.1-21.3.0","Jarva","Thanks to Eru for all the art, Wayoftime for structures and MerchantPug for assistance porting.","LGPLv3","LGPL","Weak copyleft","","https://github.com/Jarva/Ars-Additions/issues","","0","","","","False","","ce2440b606acb20b79a42bf7c6c24d163c93241f","v0.0.1-Alpha","GYK6Gk8R","ars-additions","Ars Additions","LGPL-3.0-only","GNU Lesser General Public License v3.0 only","","Weak copyleft","https://modrinth.com/mod/ars-additions","Match"
"ars_controle-1.21.1-1.6.15.jar","False","","NeoForge","ars_controle, neoforge, minecraft, curios, ars_nouveau","Ars Controle","1.21.1-1.6.15","Qther","","LGPLv3","LGPL","Weak copyleft","","https://github.com/Qther/Ars-Controle/issues","","0","","","","False","","fdf381d5733698abe336354c7541299ab495ecae","v0.0.1-Alpha","gL8ijqNQ","ars-controle","Ars Controle","LGPL-3.0-only","GNU Lesser General Public License v3.0 only","","Weak copyleft","https://modrinth.com/mod/ars-controle","Match"
"ars_creo-1.21.1-5.4.0.jar","False","","NeoForge","ars_creo, neoforge, minecraft, ars_nouveau, create","Ars Creo","${file.jarVersion}","Bailey","","LGPLv3","LGPL","Weak copyleft","","https://github.com/baileyholl/ars-creo/issues","","0","","","","False","","22a6afd4fbe76354acc9c1ba076c89a94d120d94","v0.0.1-Alpha","fZ324GMc","ars-creo","Ars Creo","GPL-3.0-only","GNU General Public License v3.0 only","","Strong copyleft","https://modrinth.com/mod/ars-creo","MISMATCH"
"ars_elemancy-1.21.1-1.18.3.jar","False","","NeoForge","ars_elemancy, minecraft, ars_nouveau, ars_elemental","Ars Elemancy","${file.jarVersion}","Lyrellion","Thanks to the Ars Nouveau team","GNU Lesser General Public License v3.0","LGPL","Weak copyleft","https://www.curseforge.com/minecraft/mc-mods/ars-elemancy","https://github.com/Lyrellion/Ars-Elemancy/issues","","0","","","","False","","f7e01437c86fc74e2abb2ad93554dc20c30b214b","v0.0.1-Alpha","","","","","","","","","NotOnModrinth"
"ars_elemental-1.21.1-0.7.10.0.jar","False","","NeoForge","ars_elemental, minecraft, ars_nouveau, ars_creo","Ars Elemental","${file.jarVersion}","Alexthw","Thanks to Bailey for Ars Nouveau API, Sammy; and elucent for learning how to code mods","GNU Lesser General Public License v3.0","LGPL","Weak copyleft","https://www.curseforge.com/minecraft/mc-mods/ars-elemental-elemental-spell-foci","https://github.com/Alexthw46/Ars-Elemental/issues","","0","","","","False","","c3612b9154508fd974863858364617f93c392905","v0.0.1-Alpha","","","","","","","","","NotOnModrinth"
"ars_nouveau-1.21.1-5.12.1.jar","False","","NeoForge","ars_nouveau, neoforge, curios, geckolib","Ars Nouveau","${file.jarVersion}","Bailey Hollingsworth","Vazkii, Azanor, Elucent, Gigaherz","GNU GENERAL PUBLIC LICENSE","GPL","Strong copyleft","","https://github.com/baileyholl/Ars-Nouveau","META-INF/LICENSE.txt; META-INF/NOTICE.txt; META-INF/LICENSE.txt; META-INF/NOTICE.txt; META-INF/LICENSE.txt; META-INF/NOTICE.txt; META-INF/LICENSE.txt; META-INF/NOTICE.txt; META-INF/LICENSE.txt; META-INF/NOTICE.txt; META-INF/LICENSE.txt; META-INF/NOTICE.txt","12","","META-INF/LICENSE.txt; META-INF/NOTICE.txt; META-INF/LICENSE.txt; META-INF/NOTICE.txt; META-INF/LICENSE.txt; META-INF/NOTICE.txt; META-INF/LICENSE.txt; META-INF/NOTICE.txt; META-INF/LICENSE.txt; META-INF/NOTICE.txt; META-INF/LICENSE.txt; META-INF/NOTICE.txt","","False","","ca5800c6fa315bbf8fd8d833564f98a5f27b81bc","v0.0.1-Alpha","TKB6INcv","ars-nouveau","Ars Nouveau","GPL-3.0-only","GNU General Public License v3.0 only","","Strong copyleft","https://modrinth.com/mod/ars-nouveau","Match"
"ars_ocultas-1.21.1-2.4.1.jar","False","","NeoForge","ars_ocultas, minecraft, ars_nouveau, occultism","Ars Ocultas","2.4.1","mystchonky","","GNU Lesser General Public License v3.0","LGPL","Weak copyleft","","https://github.com/dphaldes/Ars-Ocultas/issues","","0","","","","False","","b1ce2428d28713e50da6e93a421d8b97cc448f6f","v0.0.1-Alpha","Tsw8vbks","ars-ocultas","Ars Ocultas","LGPL-3.0-only","GNU Lesser General Public License v3.0 only","","Weak copyleft","https://modrinth.com/mod/ars-ocultas","Match"
"ars_technica-1.21.1-2.7.6.jar","False","","NeoForge","ars_technica, minecraft, ars_nouveau, create, neoforge","Ars Technica","2.7.6","zeroregard","Alexthw, BaileyHoll, Jarva, and a bunch of other awesome Starbuncles","GNU Lesser General Public License v3.0","LGPL","Weak copyleft","","http://my.issue.tracker/","","0","","","","False","","adb2641d538375f6eff6a22f0196bb330ab0b171","v0.0.1-Alpha","","","","","","","","","NotOnModrinth"
"ars_unification-1.2.18.jar","False","","NeoForge","ars_unification, neoforge, minecraft, ars_nouveau, not_enough_glyphs, jei, emi, mekanism, enderio_machines, immersiveengineering, integrateddynamics, actuallyadditions, modern_industrialization, occultism, farmersdelight, ae2, ars_technica","Ars Unification","1.2.18","Qther","Authors of Ars Nouveau, Ars Omega, Not Enough Glyphs, Actually Additions, Ender IO, Farmer's Delight, Immersive Engineering, Integrated Dynamics, Mekanism, Modern Industrialization, and Occultism","GNU LGPL 3.0","LGPL","Weak copyleft","https://github.com/Vonr/Ars-Unification","https://github.com/Vonr/Ars-Unification/issues","","0","","","","False","","7e1ed50f6f29dcbf04c08363c5b2174adcb205e4","v0.0.1-Alpha","fRdwEsp6","ars-unification","Ars Unification","LGPL-3.0-only","GNU Lesser General Public License v3.0 only","https://github.com/Vonr/Ars-Unification/blob/master/LICENSE.txt","Weak copyleft","https://modrinth.com/mod/ars-unification","Match"
"arsdelight-2.2.2.jar","False","","NeoForge","arsdelight, neoforge, minecraft, farmersdelight, ars_nouveau","Ars Nouveau's Flavors & Delight","2.2.2","lcy0x1","","LGPL-2.1","LGPL","Weak copyleft","","","","0","","","","False","","29fcc302f3b12963bc0042bd553f5dc6a09bcf93","v0.0.1-Alpha","BwbT0OZE","arsdelight","Ars Nouveau's Flavors & Delight","LGPL-2.1-only","GNU Lesser General Public License v2.1 only","","Weak copyleft","https://modrinth.com/mod/arsdelight","Match"
"arseng-2.1.1-beta.jar","False","","NeoForge","arseng, ae2, ars_nouveau","Ars Énergistique","2.1.1-beta","90, dkmk100","","LGPLv3.0","LGPL","Weak copyleft","https://github.com/62832/ArsEnergique","https://github.com/62832/ArsEnergique/issues","","0","","","","False","","e46e7cf5c4fc5f48d1b1ea025eb59c484811b2c6","v0.0.1-Alpha","IJI3QuK8","ars-energistique","Ars Énergistique","LGPL-3.0-only","GNU Lesser General Public License v3.0 only","","Weak copyleft","https://modrinth.com/mod/ars-energistique","Match"
"artifacts-neoforge-13.2.1.jar","False","","NeoForge","artifacts, neoforge, minecraft","Artifacts","13.2.1","ochotonida","","MIT","MIT","Permissive","https://www.curseforge.com/minecraft/mc-mods/artifacts","https://github.com/ochotonida/artifacts/issues","","0","","","","False","","3fe4d52cc0b11d91c75005030e83e3f675e62383","v0.0.1-Alpha","P0Mu4wcQ","artifacts","Artifacts","MIT","MIT License","","Permissive","https://modrinth.com/mod/artifacts","Match"
"ascended_quark-1.21.1-1.1.7.jar","False","","NeoForge","ascended_quark, neoforge, minecraft, aether, quark, terrablender, aeroblender, deep_aether","Ascended Quark","1.1.7","RazorDevs","A special thanks goes to the creators behind Quark and the Aether mods!","LGPL-3.0","LGPL","Weak copyleft","","https://github.com/RazorDevs/Ascended-Quark/issues","","0","","","","False","","a8ccd88ec9e48d716775422763986ad564cf3fd8","v0.0.1-Alpha","SqIC1Dq9","ascended-quark","Ascended Quark","LGPL-3.0-only","GNU Lesser General Public License v3.0 only","","Weak copyleft","https://modrinth.com/mod/ascended-quark","Match"
"assemblyline-1.21.1-0.8.2.jar","False","","NeoForge","assemblyline, voltaic","Assembly Line","0.8.2","aurilisdev, skip999","Thanks to all contributors. Brazil lang file by FITFC. Russian lang file by Quarkrus.","All Rights Reserved","All Rights Reserved","ARR - check terms","https://github.com/aurilisdev/Assembly-Line","https://github.com/aurilisdev/Assembly-Line","","0","","","","False","","695a6ba2cbaf314b1de84f712c62ef2fc377929c","v0.0.1-Alpha","SoWP7zzK","assembly-lines","Assembly Line","LicenseRef-AURILISDEV-LICENSE-1.0.1","","https://github.com/aurilisdev/Assembly-Line/blob/1.19.2/LICENSE.txt","Custom (LicenseRef)","https://modrinth.com/mod/assembly-lines","ModrinthCustom"
"athena-neoforge-1.21.1-4.0.6.jar","False","","NeoForge","athena, neoforge, minecraft","Athena","4.0.6","ThatGravyBoat","","MIT","MIT","Permissive","https://modrinth.com/mod/athena-ctm","https://github.com/terrarium-earth/athena/issues","","0","","","","False","","4bcbdf388bd5e387beca7c627224aac33584b55b","v0.0.1-Alpha","b1ZV3DIJ","athena-ctm","Athena","MIT","MIT License","","Permissive","https://modrinth.com/mod/athena-ctm","Match"
"atlas_api-1.21.1-1.2.0.jar","False","","NeoForge","atlas_api, neoforge, minecraft","Atlas API","1.21.1-1.2.0","Iron431","","All Rights Reserved","All Rights Reserved","ARR - check terms","","","","0","","","","False","","79487e97bd6dbbd6cfbdbcd4fbf1a7ac34fb8998","v0.0.1-Alpha","","","","","","","","","NotOnModrinth"
"attributefix-neoforge-1.21.1-21.1.3.jar","False","","NeoForge","attributefix, neoforge, minecraft, bookshelf, prickle","AttributeFix","21.1.3","Darkhax","This project is made possible with Patreon support from players like you. Thank you! lothrazar, Spencer Gilbert, Tobias Ward, techsquirrel, Pongo Sapiens, noobanidus, Darkosto","LGPL 2.1","LGPL","Weak copyleft","https://www.curseforge.com/minecraft/mc-mods/attributefix","https://github.com/Darkhax-Minecraft/AttributeFix/issues","license_attributefix.txt","1","license_attributefix.txt","","","False","","7aae849f6d2a6cb1368227407ea5deb552e100ba","v0.0.1-Alpha","lOOpEntO","attributefix","AttributeFix","LGPL-2.1-only","GNU Lesser General Public License v2.1 only","","Weak copyleft","https://modrinth.com/mod/attributefix","Match"
"Auroras-1.21-1.6.2.jar","False","","NeoForge","auroras, tfc, aether, aether_ii, neoforge, minecraft","Auroras","1.6.2","Verph","","BSD 2","BSD","Permissive","https://www.curseforge.com/minecraft/mc-mods/auroras","","","0","","","","False","","2a27027b3c95823e4bf7e0aa635b92742ca407e0","v0.0.1-Alpha","Q7VPWopC","auroras","Auroras","BSD-2-Clause","BSD 2-Clause ""Simplified"" License","","Permissive","https://modrinth.com/mod/auroras","Match"
"authme-neoforge-9.0.1+1.21.1.jar","False","","NeoForge","authme, neoforge, minecraft, resourcefulconfig","Auth Me","9.0.1+1.21.1","axieum","","MIT","MIT","Permissive","https://github.com/axieum/authme","https://github.com/axieum/authme/issues","LICENCE.txt","1","LICENCE.txt","","","False","","13d12989930705e645f82c625d25ac26bce589e5","v0.0.1-Alpha","yjgIrBjZ","auth-me","Auth Me","MIT","MIT License","","Permissive","https://modrinth.com/mod/auth-me","Match"
"ballistix-1.21.1-1.0.9.jar","False","","NeoForge","ballistix, voltaic","Ballistix","1.0.9","aurilisdev, skip999","Thanks to all contributors","All Rights Reserved","All Rights Reserved","ARR - check terms","https://github.com/aurilisdev/Ballistix","https://github.com/aurilisdev/Ballistix","","0","","","","False","","ef1af17e91fcb35d4c1c0c359b337820adfe351d","v0.0.1-Alpha","XeEYk41R","ballistix","Ballistix","LicenseRef-AURILISDEV-LICENSE-1.02","","https://github.com/aurilisdev/Electrodynamics/blob/1.20/LICENSE.txt","Custom (LicenseRef)","https://modrinth.com/mod/ballistix","ModrinthCustom"
"balm-neoforge-1.21.1-21.0.59.jar","False","","NeoForge","balm, neoforge, minecraft","Balm","21.0.59","BlayTheNinth","BlayTheNinth","All Rights Reserved","All Rights Reserved","ARR - check terms","https://mods.twelveiterations.com/","https://github.com/TwelveIterations/Balm/issues","LICENSE_Balm","1","LICENSE_Balm","","","False","","f6a16626890644544c1f6d345f6df9bba808ea52","v0.0.1-Alpha","MBAkmtvl","balm","Balm","LicenseRef-All-Rights-Reserved","","https://mods.twelveiterations.com/permissions","ARR - check terms","https://modrinth.com/mod/balm","Match"
"baubley-heart-canisters-1.21.1-1.4.1.jar","False","","NeoForge","bhc","Baubley Heart Canisters","1.21.1-1.4.1","Traverse_Joe","Thanks goes to Up who helped with original build. Also Abused_Master for helping when i bugged him.","MIT","MIT","Permissive","https://www.curseforge.com/projects/282947","https://github.com/Traverse-Joe/Baubley-Heart-Canisters/issues","","0","","","","False","","af4d0ffd7eff13556106c247277b67c3a0be8e53","v0.0.1-Alpha","fPdy2fCM","baubley-heart-canisters","Baubley Heart Canisters","MIT","MIT License","","Permissive","https://modrinth.com/mod/baubley-heart-canisters","Match"
"bellsandwhistles-0.4.7-1.21.1.jar","False","","NeoForge","bellsandwhistles, neoforge, minecraft, create","Create: Bells & Whistles","0.4.7-1.21.1","lev","","GPL-3.0","GPL","Strong copyleft","","","","0","","","","False","","85944080f8bd47dad64a8193a70662cd9ddbb200","v0.0.1-Alpha","gJ5afkVv","bellsandwhistles","Create: Bells & Whistles","GPL-3.0-or-later","GNU General Public License v3.0 or later","","Strong copyleft","https://modrinth.com/mod/bellsandwhistles","Match"
"better-compatability-checker-neoforge-21.1.8.jar","False","","NeoForge","bcc, neoforge, minecraft","Better Compatibility Checker","21.1.8","Gaz(Gaz492)","","All Rights Reserved","All Rights Reserved","ARR - check terms","https://github.com/nanite/BetterCompatibilityChecker","https://github.com/nanite/BetterCompatibilityChecker/issues","LICENSE_bettercompatabilitychecker","1","","","LICENSE_bettercompatabilitychecker","False","","186ba3fbacacb0ce93b9c5a5ddca28799c1577cb","v0.0.1-Alpha","KJhXPbHQ","better-compatibility-checker","Better Compatibility Checker","LicenseRef-All-Rights-Reserved","","","ARR - check terms","https://modrinth.com/mod/better-compatibility-checker","Match"
"BetterAdvancements-NeoForge-1.21.1-0.4.3.21.jar","False","","NeoForge","betteradvancements, neoforge, minecraft","Better Advancements","0.4.3.21","way2muchnoise","","""Don't Be a Jerk"" non-commercial care-free license","CC BY-NC","CC (non-commercial)","https://www.curseforge.com/minecraft/mc-mods/better-advancements","https://github.com/way2muchnoise/BetterAdvancements/issues","","0","","","","False","","870521cfaa1a4cb6c830e2409e8b9e4cf179aff2","v0.0.1-Alpha","Q2OqKxDG","better-advancements","Better Advancements","LicenseRef-Dont-Be-a-Jerk","","https://github.com/way2muchnoise/BetterAdvancements/blob/master/LICENSE.md","Custom (LicenseRef)","https://modrinth.com/mod/better-advancements","ModrinthCustom"
"betterarcheology-neoforge-1.21.1-1.3.7.jar","False","","NeoForge","betterarcheology, neoforge, minecraft, architectury, resourcefulconfig","Better Archeology","1.21.1-1.3.7","Pandarix","","MIT","MIT","Permissive","","https://github.com/Pandarix/BetterArcheology-MultiLoaded/issues","","0","","","","False","","24342e731d10a3d33a955e7b10b993a786171e78","v0.0.1-Alpha","zCh7omyG","better-archeology","Better Archeology","MIT","MIT License","","Permissive","https://modrinth.com/mod/better-archeology","Match"
"betterbeds-1.4.0.jar","False","","NeoForge","betterbeds, neoforge, minecraft","Better Beds","1.4.0","TeamMidnightDust, Motschen","","MIT License","MIT","Permissive","","","","0","","","","False","","48f215da24598e4ad93efc7d0ca0a6f91660069f","v0.0.1-Alpha","kKwy3HU9","better-beds","Better Beds","MIT","MIT License","","Permissive","https://modrinth.com/mod/better-beds","Match"
"BetterF3-11.0.3-NeoForge-1.21.1.jar","False","","NeoForge","betterf3, minecraft, cloth_config","BetterF3","11.0.3","TreyRuffy and cominixo","","MIT","MIT","Permissive","https://github.com/TreyRuffy/BetterF3/ | https://modrinth.com/mod/betterf3","https://github.com/TreyRuffy/BetterF3/issues/","LICENSE.txt","1","LICENSE.txt","","","False","","8fa17df26d3650416bc124be7a264bc1566a3b26","v0.0.1-Alpha","8shC1gFX","betterf3","BetterF3","MIT","MIT License","","Permissive","https://modrinth.com/mod/betterf3","Match"
"BetterGrassify-1.7.0+neoforge.1.21.1.jar","False","","NeoForge","bettergrass, neoforge, minecraft, fabric_api, yet_another_config_lib_v3","BetterGrassify","1.7.0+neoforge.1.21.1","UltimatChamp, JayemCeekay","","Apache-2.0","Apache-2.0","Permissive","https://github.com/UltimatChamp/BetterGrassify","https://github.com/UltimatChamp/BetterGrassify/issues","","0","","","","False","","7cf1376b4cb66721cf4795d55eb5a88123591bae","v0.0.1-Alpha","m5T5xmUy","bettergrassify","BetterGrassify","Apache-2.0","Apache License 2.0","https://github.com/UltimatChamp/BetterGrassify/raw/main/LICENSE","Permissive","https://modrinth.com/mod/bettergrassify","Match"
"bibliobiomes-1.21.1-1.6.3.jar","False","","NeoForge","bibliobiomes, neoforge, minecraft, bibliocraft, biomesoplenty, biomeswevegone, regions_unexplored","Bibliobiomes Legacy","1.6.3","IchHabeHunger54","","MIT","MIT","Permissive","","","","0","","","","False","","d1c4bca5526f20f0567f4728a6b740d136a3d45e","v0.0.1-Alpha","DSrUt8Cp","bibliobiomes-legacy","Bibliobiomes Legacy","MIT","MIT License","","Permissive","https://modrinth.com/mod/bibliobiomes-legacy","Match"
"bibliocraft-1.21.1-1.6.5.jar","False","","NeoForge","bibliocraft, jei, minecraft, neoforge","Bibliocraft Legacy","1.6.5","IchHabeHunger54, Minecraftschurli","Nuchaz (original mod author), XFactHD (help with models), the NeoForge Discord team and community (overall help)","MIT","MIT","Permissive","https://www.curseforge.com/minecraft/mc-mods/bibliocraft-legacy","https://github.com/MinecraftschurliMods/Bibliocraft-Legacy/issues","LICENSE","1","LICENSE","","","False","","efb35984af1950ead43dc3d2827b3817df277725","v0.0.1-Alpha","eiXYWB7J","bibliocraft-legacy","Bibliocraft Legacy","MIT","MIT License","","Permissive","https://modrinth.com/mod/bibliocraft-legacy","Match"
"bibliowoods-1.21.1-1.6.5.jar","False","","NeoForge","bibliowoods, neoforge, minecraft, bibliocraft, aether, allthemodium, ars_nouveau, butchercraft, cobblemon, deep_aether, deeperdarker, eternal_starlight, expandeddelight, extradelight, forbidden_arcanus, garnished, gtceu, hexerei, integrateddynamics, mirthdew_encore, mynethersdelight, occultism, roots, silentgear, thaumon, tropicraft, twilightforest, undergarden, vampirism, werewolves, witchery, wwizardry","Bibliowoods Legacy","1.6.5","IchHabeHunger54","","MIT","MIT","Permissive","","","","0","","","","False","","e697e42db8d743fadff535735b6e3f51787e251c","v0.0.1-Alpha","KhRMZgX2","bibliowoods-legacy","Bibliowoods Legacy","MIT","MIT License","","Permissive","https://modrinth.com/mod/bibliowoods-legacy","Match"
"blastcraft-1.21.1-0.6.2.jar","False","","NeoForge","blastcraft, voltaic","Blastcraft","0.6.2","aurilisdev","Thanks to all contributors. Brazil lang file by FITFC.","All Rights Reserved","All Rights Reserved","ARR - check terms","https://github.com/aurilisdev/Blastcraft","https://github.com/aurilisdev/Blastcraft","","0","","","","False","","01d21c7ef298cdba72b6d6f452ee8a95af58ae84","v0.0.1-Alpha","qzSqkQKb","blastcraft","Blastcraft","LicenseRef-AURILISDEV-LICENSE-1.0.2","","https://github.com/aurilisdev/Electrodynamics/blob/1.20/LICENSE.txt","Custom (LicenseRef)","https://modrinth.com/mod/blastcraft","ModrinthCustom"
"blockui-1.0.211-1.21.1-snapshot.jar","False","","NeoForge","blockui, neoforge, minecraft","UI Library Mod","1.0.211-1.21.1-snapshot","LDT Team","LDT Team","GPL3","GPL","Strong copyleft","","https://github.com/ldtteam/BlockUI/issues/new/choose","","0","","","","False","","0ab4e0342b9f1e595d9a891f84747e4e5389c552","v0.0.1-Alpha","","","","","","","","","NotOnModrinth"
"blueflame-1.21.1-1.1.1.jar","False","","NeoForge","blueflame, neoforge, minecraft","Blue Flame Burning","1.21.1-1.1.1","LobsterJonn","","All Rights Reserved","All Rights Reserved","ARR - check terms","","","","0","","","","False","","0e78defafd6cf08759c656a54f8a33315e3ab924","v0.0.1-Alpha","8k7QiW7U","blueflame","Blue Flame Burning","LicenseRef-All-Rights-Reserved","","","ARR - check terms","https://modrinth.com/mod/blueflame","Match"
"bookshelf-neoforge-1.21.1-21.1.81.jar","False","","NeoForge","bookshelf, neoforge, minecraft","Bookshelf","21.1.81","Darkhax","This project is made possible with Patreon support from players like you. Thank you! lothrazar, Spencer Gilbert, Tobias Ward, techsquirrel, Pongo Sapiens, noobanidus, Darkosto","LGPL 2.1","LGPL","Weak copyleft","https://www.curseforge.com/minecraft/mc-mods/bookshelf","https://github.com/Darkhax-Minecraft/Bookshelf/issues","license_bookshelf.txt","1","license_bookshelf.txt","","","False","","efc4cda6da4dd879f24d057ed0a6413764c9ba40","v0.0.1-Alpha","uy4Cnpcm","bookshelf-lib","Bookshelf","LGPL-2.1-only","GNU Lesser General Public License v2.1 only","","Weak copyleft","https://modrinth.com/mod/bookshelf-lib","Match"
"botanypots-neoforge-1.21.1-21.1.44.jar","False","","NeoForge","botanypots, neoforge, minecraft, bookshelf, prickle","BotanyPots","21.1.44","Darkhax","This project is made possible with Patreon support from players like you. Thank you! lothrazar, Tobias Ward, Keyana , techsquirrel, noobanidus, Darkosto","LGPL v2.1","LGPL","Weak copyleft","https://www.curseforge.com/minecraft/mc-mods/botany-pots","https://github.com/Darkhax-Minecraft/BotanyPots/issues","license_botanypots.txt","1","license_botanypots.txt","","","False","","fcb58dfa5f52819c85da40025fa50d0ddccbbb47","v0.0.1-Alpha","U6BUTZ7K","botany-pots","Botany Pots","LGPL-2.1-only","GNU Lesser General Public License v2.1 only","","Weak copyleft","https://modrinth.com/mod/botany-pots","Match"
"botanypotsmystical-neoforge-1.21.1-21.1.12.jar","False","","NeoForge","botanypotsmystical, neoforge, minecraft, bookshelf, prickle, botanypots","BotanyPots-Mystical","21.1.12","Darkhax","This project is made possible with Patreon support from players like you. Thank you! lothrazar, Tobias Ward, Keyana , techsquirrel, noobanidus, Darkosto","LGPL v2.1","LGPL","Weak copyleft","https://www.curseforge.com/minecraft/mc-mods/botan-pots-mystical-agriculture-compat","https://github.com/Darkhax-Minecraft/Botany-Pots-Mystical-Agriculture/issues","license_botanypotsmystical.txt","1","license_botanypotsmystical.txt","","","False","","73ee9e944ddca5d70b9224d96d8208bd43cc4531","v0.0.1-Alpha","SaWFztxY","botany-pots-mystical-agriculture-compat","Botany Pots - Mystical Agriculture Compat","LGPL-2.1-only","GNU Lesser General Public License v2.1 only","","Weak copyleft","https://modrinth.com/mod/botany-pots-mystical-agriculture-compat","Match"
"botanytrees-neoforge-1.21.1-21.1.7.jar","False","","NeoForge","botanytrees, neoforge, minecraft, bookshelf, prickle, botanypots","BotanyTrees","21.1.7","Darkhax","This project is made possible with Patreon support from players like you. Thank you! lothrazar, Tobias Ward, Keyana , techsquirrel, noobanidus, Darkosto","LGPL v2.1","LGPL","Weak copyleft","https://www.curseforge.com/minecraft/mc-mods/botany-trees","https://github.com/Darkhax-Minecraft/BotanyTrees/issues","license_botanytrees.txt","1","license_botanytrees.txt","","","False","","9ed861d8a2405cfa75a9ef677f9d99eb5deed73f","v0.0.1-Alpha","mvs7RoIW","botany-trees","Botany Trees","LGPL-2.1-only","GNU Lesser General Public License v2.1 only","","Weak copyleft","https://modrinth.com/mod/botany-trees","Match"
"BrandonsCore-1.21.1-3.2.1.309.jar","False","","NeoForge","brandonscore, neoforge, minecraft, codechickenlib, projectintelligence","Brandon's Core","3.2.1.309","brandon3055","","CoFH ""Don't Be a Jerk"" License","CoFH ""Don't Be a Jerk"" License","Custom - review manually","","https://github.com/Draconic-Inc/BrandonsCore","","0","","","","False","","ef00bdaaca4e469cc3925d573434d2f84b9d8a14","v0.0.1-Alpha","iFDWVIFV","brandons-core","Brandons Core","LicenseRef-CoFH-Dont-Be-a-Jerk-License","","https://github.com/Draconic-Inc/BrandonsCore/blob/master/LICENSE.md","Custom (LicenseRef)","https://modrinth.com/mod/brandons-core","ModrinthCustom"
"BridgingMod-2.6.2+1.21.1.neoforge-release.jar","False","","NeoForge","bridgingmod, neoforge, minecraft, yet_another_config_lib_v3, dynamiccrosshair","Bridging Mod","2.6.2+1.21.1","CG360","","MIT","MIT","Permissive","https://github.com/CloudG360/BridgingMod","https://github.com/CloudG360/BridgingMod/issues","","0","","","","False","","18c4fdadf7d1b4632ae0e0914e4075847306b52f","v0.0.1-Alpha","lO3s8hjs","bridging-mod","Bridging Mod","MIT","MIT License","https://github.com/CloudG360/BridgingMod/blob/latest/LICENSE","Permissive","https://modrinth.com/mod/bridging-mod","Match"
"buildinggadgets2-1.3.9.jar","False","","NeoForge","buildinggadgets2, neoforge, minecraft","Building Gadgets 2","1.3.9","Direwolf20","The NeoForge team for making the best API ever!!","MIT (https://github.com/Direwolf20-MC/BuildingGadgets2/blob/main/LICENSE)","MIT","Permissive","https://github.com/Direwolf20-MC/BuildingGadgets2","","","0","","","","False","","666a155981e3cd231f67809b9e2a0238377bbbfc","v0.0.1-Alpha","","","","","","","","","NotOnModrinth"
"bwncr-neoforge-1.21.1-3.20.4.jar","False","","NeoForge","bwncr, minecraft","Bad Wither No Cookie Reloaded","${file.jarVersion}","Kreezxil, Eleksploded","Thanks to Lex and Team for keeping modding alive.","MIT","MIT","Permissive","https://www.curseforge.com/minecraft/mc-mods/bad-wither-no-cookie-reloaded","https://gitlab.com/kreezxil/BadWitherNoCookie/-/issues","","0","","","","False","","dd7920e114fbd066986ea1028aa201a5e0742875","v0.0.1-Alpha","lL2MtE37","bad-wither-no-cookie","Bad Wither No Cookie - Reloaded","MIT","MIT License","","Permissive","https://modrinth.com/mod/bad-wither-no-cookie","Match"
"cabletiers-neoforge-1.21.1-0.6.12.jar","False","","NeoForge","cabletiers, refinedtypes, minecraft, refinedstorage","Cable Tiers","1.21.1-0.6.12","Ultramega","","MIT","MIT","Permissive","https://www.curseforge.com/minecraft/mc-mods/cable-tiers","https://github.com/starforcraft/Cable-Tiers/issues","","0","","","","False","","668b23a1a57d2feb2f62a89637be28ab7cf8fb16","v0.0.1-Alpha","UsLNxQgK","cable-tiers","Cable Tiers","MIT","MIT License","","Permissive","https://modrinth.com/mod/cable-tiers","Match"
"caelus-neoforge-7.0.1+1.21.1.jar","False","","NeoForge","caelus, neoforge, minecraft","Caelus API","7.0.1+1.21.1","Illusive Soulworks","","LGPL-3.0-or-later","LGPL","Weak copyleft","https://github.com/illusivesoulworks/caelus","https://github.com/illusivesoulworks/caelus/issues","LICENSE; COPYING; COPYING.LESSER","3","LICENSE; COPYING; COPYING.LESSER","","","False","","e4c2e1af4e3082d68f7df75f7c8ce30116d71515","v0.0.1-Alpha","40FYwb4z","caelus","Caelus API","LGPL-3.0-or-later","GNU Lesser General Public License v3.0 or later","","Weak copyleft","https://modrinth.com/mod/caelus","Match"
"calmtheleaks-1.2.2+1.21.1-neoforge.jar","False","","NeoForge","calmtheleaks, neoforge, minecraft, extraspecialcore, alltheleaks","Calm The Leaks","1.2.2","Extra_Special_K, Ginger1y, Manialate, Supremepringle","","MIT","MIT","Permissive","https://unbound.creatopia.uk","","","0","","","","False","","69f97ba05c939bc6ee09c842efd5a6879e08dff7","v0.0.1-Alpha","","","","","","","","","NotOnModrinth"
"carryme-1.0-neoforge.jar","False","","NeoForge","carryme, neoforge, minecraft, carryon","Carry Me","1.0-neoforge","Rok","","Apache 2.0","Apache-2.0","Permissive","pedrorok.com","","","0","","","","False","","eec23618bf4778679199fd95fc08599282f41cae","v0.0.1-Alpha","TqKRgEs9","carry-me","Carry Me","Apache-2.0","Apache License 2.0","","Permissive","https://modrinth.com/mod/carry-me","Match"
"carryon-neoforge-1.21.1-2.2.4.4.jar","False","","NeoForge","carryon, neoforge, minecraft","Carry On","2.2.4","Tschipp, PurpliciousCow","","GNU LGPLv3","LGPL","Weak copyleft","","","LICENSE_carryon","1","LICENSE_carryon","","","False","","774bf57a199784c35e74f2d619d6001c87185a11","v0.0.1-Alpha","joEfVgkn","carry-on","Carry On","LGPL-3.0-only","GNU Lesser General Public License v3.0 only","","Weak copyleft","https://modrinth.com/mod/carry-on","Match"
"catalogue-neoforge-1.21.1-1.11.2.jar","False","","NeoForge","catalogue, neoforge, minecraft","Catalogue","1.11.2","MrCrayfish","","MIT","MIT","Permissive","https://mrcrayfish.com/mods?id=catalogue","https://github.com/MrCrayfish/Catalogue/issues","LICENSE_catalogue","1","LICENSE_catalogue","","","False","","6d67f855c20bc6392763cfb22e1152da4e8015b4","v0.0.1-Alpha","","","","","","","","","NotOnModrinth"
"cc-tweaked-1.21.1-forge-1.120.0.jar","False","","NeoForge","computercraft, neoforge","CC: Tweaked","1.120.0","Daniel Ratcliffe, Aaron Mills, SquidDev","Created by Daniel Ratcliffe (@DanTwoHundred)","ComputerCraft Public License (https://raw.githubusercontent.com/dan200/ComputerCraft/master/LICENSE)","ComputerCraft Public License (https://raw.githubusercontent.com/dan200/ComputerCraft/master/LICENSE)","Custom - review manually","https://tweaked.cc","https://github.com/cc-tweaked/CC-Tweaked/issues","","0","","","","False","","d992be398f5d28df278aa790b71dbf29f60ca5b4","v0.0.1-Alpha","gu7yAYhd","cc-tweaked","CC: Tweaked","LicenseRef-CCPL","","https://github.com/cc-tweaked/CC-Tweaked/blob/mc-1.16.x/LICENSE","Custom (LicenseRef)","https://modrinth.com/mod/cc-tweaked","ModrinthCustom"
"chat_heads-0.15.2-neoforge-1.21.jar","False","","NeoForge","chat_heads, neoforge, minecraft","Chat Heads","0.15.2","dzwdz, Fourmisain","","MPL-2.0","MPL-2.0","Weak copyleft","","https://github.com/dzwdz/chat_heads/issues","","0","","","","False","","86abc08fbfa8eb3e2a41aa4403a6bd52543ea665","v0.0.1-Alpha","Wb5oqrBJ","chat-heads","Chat Heads","MPL-2.0","Mozilla Public License 2.0","","Weak copyleft","https://modrinth.com/mod/chat-heads","Match"
"chefsdelight-1.0.5-neoforge-1.21.1.jar","False","","NeoForge","chefsdelight, neoforge, minecraft","Chefs Delight","1.0.5","Redstone Games","","MIT","MIT","Permissive","https://www.redstonegames.com.br/","","","0","","","","False","","2ee0923d811a15e1d9dab536a940e4ac0143a4fa","v0.0.1-Alpha","pvcsfne4","chefs-delight","Chef's Delight - Farmer's Delight Villagers","MIT","MIT License","","Permissive","https://modrinth.com/mod/chefs-delight","Match"
"chipped-neoforge-1.21.1-4.0.2.jar","False","","NeoForge","chipped, neoforge, minecraft, resourcefullib, athena, jei","Chipped","4.0.2","Alex Nijjar, Grimbop, Kekie6, ThatGravyBoat","CodexAdrian, Facu, Marc-IceBlade, MsRandom","Terrarium License","Terrarium License","Custom - review manually","https://www.curseforge.com/minecraft/mc-mods/chipped","https://github.com/terrarium-earth/chipped/issues","","0","","","","False","","6f5395f58139802edfde7cb9170279f92f291971","v0.0.1-Alpha","BAscRYKm","chipped","Chipped","LicenseRef-All-Rights-Reserved","","","ARR - check terms","https://modrinth.com/mod/chipped","MISMATCH"
"chisels-and-bits-neoforge-21.1.32.jar","False","","NeoForge","chiselsandbits, neoforge, minecraft, scena","chisels-and-bits","21.1.32","chisels-and-bits","","MIT","MIT","Permissive","","","","0","","","","False","","d88bb106a30f571c365686cf627294ae282fd4b2","v0.0.1-Alpha","","","","","","","","","NotOnModrinth"
"chromacarvings-1.21.1-0.2.0.jar","False","","NeoForge","chromacarvings, neoforge, minecraft","Chroma Carvings","1.21.1-0.2.0","LobsterJonn","","All Rights Reserved","All Rights Reserved","ARR - check terms","","","","0","","","","False","","b791809827bfd4e3d28fc208815d92bfed92c602","v0.0.1-Alpha","","","","","","","","","NotOnModrinth"
"classicpipes-neoforge-1.21.1-1.1.5.jar","False","","NeoForge","classicpipes, neoforge, minecraft","Classic Pipes","1.1.5","Jagm","Beta testers: Tipsy, Sketti, and Charlie. Translators: Hamutaromaru (Japanese), pGabrielVP & PrincessStellar (Portuguese), AstardGrimoire (Russian). Inspired by Buildcraft by SpaceToad and Logistics Pipes by Krapht. Built on Jaredlll08's MultiLoader.","CC BY-NC-SA 4.0","CC BY-NC-SA","CC (non-commercial)","","https://github.com/J4gm/classicpipes/issues","","0","","","","False","","68dc5eaa55ac4eb40595939ba294b2116aecd043","v0.0.1-Alpha","xX5VOqpH","classic-pipes","Classic Pipes","CC-BY-NC-SA-4.0","Creative Commons Attribution Non Commercial Share Alike 4.0 International","https://creativecommons.org/licenses/by-nc-sa/4.0/legalcode.txt","CC (non-commercial)","https://modrinth.com/mod/classic-pipes","Match"
"cloth-config-15.0.140-neoforge.jar","False","","NeoForge","cloth_config, neoforge","Cloth Config v15 API","15.0.140","shedaniel","","GNU LGPLv3","LGPL","Weak copyleft","https://www.curseforge.com/minecraft/mc-mods/cloth-config-forge/","https://github.com/architectury/ClothConfig/issues/","LICENSE.md","1","LICENSE.md","","","False","","c3e5733ba4503b102589a026000fd5ce0212f6f2","v0.0.1-Alpha","9s6osm5g","cloth-config","Cloth Config API","LGPL-3.0-only","GNU Lesser General Public License v3.0 only","","Weak copyleft","https://modrinth.com/mod/cloth-config","Match"
"Clumps-neoforge-1.21.1-19.0.0.1.jar","False","","NeoForge","clumps, neoforge, minecraft","Clumps","19.0.0.1","Jared","","MIT","MIT","Permissive","https://www.curseforge.com/minecraft/mc-mods/clumps","https://github.com/jaredlll08/Clumps/issues","","0","","","","False","","fa2576297c7bd12b28aa7070e8141792bd66da4c","v0.0.1-Alpha","Wnxd13zP","clumps","Clumps","MIT","MIT License","","Permissive","https://modrinth.com/mod/clumps","Match"
"cobblegengalore-1.21.1-0.2.8.jar","False","","NeoForge","cobblegengalore, neoforge, minecraft","Cobblegen Galore","1.21.1-0.2.8","LobsterJonn","","All Rights Reserved","All Rights Reserved","ARR - check terms","","","","0","","","","False","","a799bf9d4818020bc41c009503f6d77f78eec247","v0.0.1-Alpha","","","","","","","","","NotOnModrinth"
"CodeChickenLib-1.21.1-4.6.1.526.jar","False","","NeoForge","codechickenlib, neoforge, minecraft","CodeChicken Lib","4.6.1.526","ChickenBones, covers1624","","GNU Lesser General Public License v2.1","LGPL","Weak copyleft","https://www.curseforge.com/minecraft/mc-mods/codechicken-lib-1-8","https://github.com/TheCBProject/CodeChickenLib","LICENSE","1","LICENSE","","","False","","6a278b5a2788c2fee7ae52d17f24187332d436b2","v0.0.1-Alpha","2gq0ALnz","codechicken-lib","CodeChicken Lib","LGPL-2.1-or-later","GNU Lesser General Public License v2.1 or later","","Weak copyleft","https://modrinth.com/mod/codechicken-lib","Match"
"colorfulhearts-neoforge-1.21.1-10.5.9.jar","False","","NeoForge","colorfulhearts, neoforge, minecraft","Colorful Hearts","10.5.9","Terrails","","MIT","MIT","Permissive","","https://github.com/Terrails/colorful-hearts","","0","","","","False","","ec63110d126cf95dabe220116bd394e701265de7","v0.0.1-Alpha","wQfMUdZT","colorful-hearts","Colorful Hearts","MIT","MIT License","","Permissive","https://modrinth.com/mod/colorful-hearts","Match"
"colorwheel_patcher-neoforge-1.0.5+mc1.21.1.jar","False","","NeoForge","colorwheel_patcher, neoforge, minecraft, euphoria_patcher","Colorwheel Patcher","1.0.5+mc1.21.1","djefrey","","ARR","All Rights Reserved","ARR - check terms","https://djefrey.github.io/colorwheel/","https://github.com/djefrey/Colorwheel-Patcher/issues","","0","","","","False","","0e63780e5b8af294bf58609ac866b9866ab9537b","v0.0.1-Alpha","KPsw5jDu","colorwheel-patcher","Colorwheel Patcher","LicenseRef-All-Rights-Reserved","","","ARR - check terms","https://modrinth.com/mod/colorwheel-patcher","Match"
"colorwheel-neoforge-1.2.9+mc1.21.1.jar","False","","NeoForge","colorwheel, neoforge, minecraft, flywheel, iris, colorwheel_patcher, sable, irisflw","Colorwheel","1.2.9+mc1.21.1","djefrey","","MIT","MIT","Permissive","https://djefrey.github.io/colorwheel/","https://github.com/djefrey/Colorwheel/issues","","0","","","","False","","33f3f4976755d0b315d3853f2e2aad38e11825c2","v0.0.1-Alpha","BzHgFoGz","colorwheel","Colorwheel","MIT","MIT License","","Permissive","https://modrinth.com/mod/colorwheel","Match"
"comforts-neoforge-9.0.5+1.21.1.jar","False","","NeoForge","comforts, neoforge, minecraft","Comforts","9.0.5+1.21.1","Illusive Soulworks","","LGPL-3.0-or-later","LGPL","Weak copyleft","https://github.com/illusivesoulworks/comforts","https://github.com/illusivesoulworks/comforts/issues","COPYING; COPYING.LESSER; LICENSE; spectrelib/COPYING","4","COPYING; COPYING.LESSER; LICENSE","","spectrelib/COPYING","False","","21d6bee3821d62fe3356c51fb1d697871a3087ff","v0.0.1-Alpha","SaCpeal4","comforts","Comforts","LGPL-3.0-or-later","GNU Lesser General Public License v3.0 or later","","Weak copyleft","https://modrinth.com/mod/comforts","Match"
"common-networking-neoforge-1.0.21-1.21.1.jar","False","","NeoForge","commonnetworking, neoforge, minecraft","Common Networking","${file.jarVersion}","Mysticdrew","Jared for multiloader","MIT","MIT","Permissive","","","LICENSE","1","LICENSE","","","False","","f55722a4278997e7ef278f4390a31e848f7beea7","v0.0.1-Alpha","HIuqnQpi","common-network","Common Network","MIT","MIT License","","Permissive","https://modrinth.com/mod/common-network","Match"
"commoncapabilities-1.21.1-neoforge-2.11.5.jar","False","","NeoForge","commoncapabilities, cyclopscore, neoforge, minecraft","CommonCapabilities","2.11.5","rubensworks (aka kroeser)","","MIT","MIT","Permissive","https://www.curseforge.com/minecraft/mc-mods/commoncapabilities","https://github.com/CyclopsMC/CommonCapabilities/issues","","0","","","","False","","14c17c54397b068ae532436f9dba575dfcd900bf","v0.0.1-Alpha","oFXrCkDI","common-capabilities","Common Capabilities","MIT","MIT License","","Permissive","https://modrinth.com/mod/common-capabilities","Match"
"compactmachines-neoforge-7.0.81.jar","False","","NeoForge","compactmachines, neoforge, minecraft","Compact Machines","7.0.81","Davenonymous, RobotGryphon","","MIT","MIT","Permissive","https://compactmods.dev","https://github.com/CompactMods/CompactMachines/issues","","0","","","","False","","dcffc21e62a82c5d870ab13dc5c92687430d65b5","v0.0.1-Alpha","","","","","","","","","NotOnModrinth"
"connectedglass-1.1.14-neoforge-mc1.21.jar","False","","NeoForge","connectedglass, neoforge, minecraft, supermartijn642corelib, fusion","Connected Glass","1.1.14","SuperMartijn642","","All rights reserved","All Rights Reserved","ARR - check terms","https://www.curseforge.com/minecraft/mc-mods/connected-glass","https://github.com/SuperMartijn642/ConnectedGlass/issues","","0","","","","False","","0a44c13d6744e0eeec5bf38f58756a8e86e96f55","v0.0.1-Alpha","DghO0R02","connected-glass","Connected Glass","LicenseRef-All-Rights-Reserved","","","ARR - check terms","https://modrinth.com/mod/connected-glass","Match"
"ConstructionSticks-1.21.1-1.4.1.jar","False","","NeoForge","constructionstick, neoforge, minecraft","Construction Sticks","${file.jarVersion}","Mrbysco, ShyNieke","ThetaDev for creating Construction Wand","MIT License","MIT","Permissive","https://github.com/Mrbysco/ConstructionSticks","https://github.com/Mrbysco/ConstructionSticks/issues","","0","","","","False","","07289469aa38e8cc9c304994d4f85010daa2e4c6","v0.0.1-Alpha","ooyjDLZt","construction-sticks","Construction Sticks","MIT","MIT License","","Permissive","https://modrinth.com/mod/construction-sticks","Match"
"Controlling-neoforge-1.21.1-19.0.5.jar","False","","NeoForge","controlling, neoforge, minecraft, searchables","Controlling","19.0.5","Jaredlll08","","MIT","MIT","Permissive","https://www.curseforge.com/minecraft/mc-mods/controlling","https://github.com/jaredlll08/controlling/issues","LICENSE","1","LICENSE","","","False","","8a34424fc1428778be2fdbfa4da67b21b70bcbfe","v0.0.1-Alpha","xv94TkTM","controlling","Controlling","MIT","MIT License","","Permissive","https://modrinth.com/mod/controlling","Match"
"cookingforblockheads-neoforge-1.21.1-21.1.24.jar","False","","NeoForge","cookingforblockheads, neoforge, minecraft, balm","Cooking for Blockheads","21.1.24","BlayTheNinth","BlayTheNinth","All Rights Reserved","All Rights Reserved","ARR - check terms","https://mods.twelveiterations.com/minecraft/cookingforblockheads","https://github.com/TwelveIterations/CookingForBlockheads/issues","LICENSE_Cooking for Blockheads","1","LICENSE_Cooking for Blockheads","","","False","","7494e5650d13f178c6b0f21b30345ee70d1f2b13","v0.0.1-Alpha","vJnhuDde","cooking-for-blockheads","Cooking for Blockheads","LicenseRef-All-Rights-Reserved","","https://mods.twelveiterations.com/permissions","ARR - check terms","https://modrinth.com/mod/cooking-for-blockheads","Match"
"copycats-3.0.4+mc.1.21.1-neoforge.jar","False","","NeoForge","copycats, neoforge, minecraft, create","Create: Copycats+","3.0.4+mc.1.21.1-neoforge","Lysine, Bennyboy1695, Redcat_XVIII","The Create: Addon Hub Discord","All Rights Reserved","All Rights Reserved","ARR - check terms","https://github.com/copycats-plus/copycats","https://github.com/copycats-plus/copycats/issues","","0","","","","False","","6a11d5806bcf521e08faba1ee6ef5f31af55ca0f","v0.0.1-Alpha","UT2M39wf","copycats","Create: Copycats+","LicenseRef-All-Rights-Reserved","","","ARR - check terms","https://modrinth.com/mod/copycats","Match"
"Corgilib-NeoForge-1.21.1-5.0.0.9.jar","False","","NeoForge","corgilib, neoforge, minecraft","CorgiLib","5.0.0.9","Corgi Taco","Joseph T. McQuigg (JT122406)","LGPLv3","LGPL","Weak copyleft","https://github.com/CorgiTaco/CorgiLib","https://github.com/CorgiTaco/CorgiLib/issues","","0","","","","False","","6699f876f9e10f936910055f7fe1a283d8bb9e0f","v0.0.1-Alpha","ziOp6EO8","corgilib","CorgiLib","LGPL-3.0-only","GNU Lesser General Public License v3.0 only","","Weak copyleft","https://modrinth.com/mod/corgilib","Match"
"cosmeticarmorreworked-1.21.1-v1-neoforge.jar","False","","NeoForge","cosmeticarmorreworked, neoforge","CosmeticArmorReworked","1.21.1-v1-neoforge","zlainsama","dmillerw - original author; azanor - some code learned from baubles; izuminya - button icon; Deph0 and sblectric for their support when i'm absent","Minecraft Mod Public License 1.0.1","Minecraft Mod Public License 1.0.1","Custom - review manually","","","LICENSE.txt","1","LICENSE.txt","","","False","","5f1e699cd0888b857ec63f01adaeb3571848bfea","v0.0.1-Alpha","","","","","","","","","NotOnModrinth"
"crafting_on_a_stick-1.21.0.4.jar","False","","NeoForge","crafting_on_a_stick, neoforge, minecraft","Crafting On A Stick","1.21.0.4","OfekN","","GNU GENERAL PUBLIC LICENSE","GPL","Strong copyleft","https://www.curseforge.com/minecraft/mc-mods/crafting-on-a-stick","https://github.com/OfekN-mods/crafting-on-a-stick/issues","","0","","","","False","","9ea4bcce2d468b13e20871789dde525d49454076","v0.0.1-Alpha","Tg5fXO1x","crafting-on-a-stick","Crafting on a Stick","LicenseRef-All-Rights-Reserved","","","ARR - check terms","https://modrinth.com/mod/crafting-on-a-stick","MISMATCH"
"craftingtweaks-neoforge-1.21.1-21.1.10.jar","False","","NeoForge","craftingtweaks, neoforge, minecraft, balm","Crafting Tweaks","21.1.10","BlayTheNinth","BlayTheNinth","All Rights Reserved","All Rights Reserved","ARR - check terms","https://mods.twelveiterations.com/minecraft/craftingtweaks","https://github.com/TwelveIterations/CraftingTweaks/issues","LICENSE_Crafting Tweaks","1","LICENSE_Crafting Tweaks","","","False","","8092536ab219b2adaa454b3311a0143d836b3922","v0.0.1-Alpha","DMu0oBKf","crafting-tweaks","Crafting Tweaks","LicenseRef-All-Rights-Reserved","","https://mods.twelveiterations.com/permissions","ARR - check terms","https://modrinth.com/mod/crafting-tweaks","Match"
"CraftPresence-2.7.1+1.21.1-neoforge.jar","False","","NeoForge","craftpresence, neoforge, unilib, minecraft","CraftPresence","2.7.1","CDAGaming","","MIT","MIT","Permissive","https://www.curseforge.com/minecraft/mc-mods/craftpresence","https://gitlab.com/CDAGaming/CraftPresence/issues","","0","","","","False","","a0629a26ec41099fad1c0f6143d15b5b2c4f3ab2","v0.0.1-Alpha","DFqQfIBR","craftpresence","CraftPresence","MIT","MIT License","https://gitlab.com/CDAGaming/CraftPresence/-/blob/master/LICENSE","Permissive","https://modrinth.com/mod/craftpresence","Match"
"CrashAssistant-neoforge-1.20.6-1.21.4-1.11.11.jar","False","","NeoForge","crash_assistant, neoforge, minecraft","Crash Assistant","1.11.11","KostromDan","","KostromDan's Modded Minecraft License (Version 1.1.3)","KostromDan's Modded Minecraft License (Version 1.1.3)","Custom - review manually","","https://github.com/KostromDan/Crash-Assistant/issues","thirdparty/NOTICE.txt; thirdparty/licenses/Apache License Version 2.0 NOTICE.txt; thirdparty/licenses/Apache License Version 2.0.txt; thirdparty/licenses/GNU LESSER GENERAL PUBLIC LICENSE Version 3.txt","4","","thirdparty/NOTICE.txt; thirdparty/licenses/Apache License Version 2.0 NOTICE.txt; thirdparty/licenses/Apache License Version 2.0.txt; thirdparty/licenses/GNU LESSER GENERAL PUBLIC LICENSE Version 3.txt","","False","","b6c70031b22396a87c1139ed29deae93e86f058b","v0.0.1-Alpha","ix1qq8Ux","crash-assistant","Crash Assistant","LicenseRef-LicenseRef-KostromDan-MML-1.1.3","","https://github.com/KostromDan/Crash-Assistant/blob/1.19-1.20.1/LICENSE.md","Custom (LicenseRef)","https://modrinth.com/mod/crash-assistant","ModrinthCustom"
"crashutilities-9.0.4.jar","False","","NeoForge","crashutilities, neoforge, minecraft","Crash Utilities","9.0.4","Darkere","treasure map by Alex Furgiuele from the Noun Project,
Backpack by Timofey Rostilov from the Noun Project""
List by Gregor Cresnar from the Noun Project","MIT LICENSE","MIT","Permissive","","https://github.com/Darkere/CrashUtilities/issues","","0","","","","False","","5117a448b0611f60fbe743a4a631e431dd31740e","v0.0.1-Alpha","","","","","","","","","NotOnModrinth"
"crawl-0.14.9.jar","False","","NeoForge","crawl, neoforge, minecraft","Crawl","0.14.9","fewizz","","WTFPL","Public/Permissive","Permissive","","","","0","","","","False","","8a913cb5ef0f83721965db5b9013a21d069ef550","v0.0.1-Alpha","H1JOVjhn","crawl","Crawl","WTFPL","Do What The F*ck You Want To Public License","","Permissive","https://modrinth.com/mod/crawl","Match"
"create_aquatic_ambitions-1.21.1-2.0.2.jar","False","","NeoForge","create_aquatic_ambitions, neoforge, minecraft, create, kubejs, jei","Create Aquatic Ambitions","2.0.2","Davi Oliva","","MIT","MIT","Permissive","","https://github.com/davioliva16/create-aquatic-ambitions/issues","","0","","","","False","","39945d25188f3cb8feb74d09b78d7f7f7a74aaa7","v0.0.1-Alpha","9SyaPzp7","create-aquatic-ambitions","Create: Aquatic Ambitions","MIT","MIT License","","Permissive","https://modrinth.com/mod/create-aquatic-ambitions","Match"
"create-1.21.1-6.0.10.jar","False","","NeoForge","create, neoforge, minecraft, flywheel, ponder, sodium, lithium, journeymap, xaeroworldmap, radium, palladium","Create","6.0.10","simibubi","","Read attached LICENSE.md","Read attached LICENSE.md","Custom - review manually","https://www.curseforge.com/minecraft/mc-mods/create","https://github.com/Creators-of-Create/Create/issues","LICENSE.md_create-1.21.1","1","LICENSE.md_create-1.21.1","","","False","","0e97e49837bed766e6f28a4c95b04885d6acc353","v0.0.1-Alpha","LNytGWDc","create","Create","LicenseRef-Create-Mod-License","","https://github.com/Creators-of-Create/Create/blob/HEAD/LICENSE.md","Custom (LicenseRef)","https://modrinth.com/mod/create","ModrinthCustom"
"create-aeronautics-bundled-1.21.1-1.3.0.jar","False","","NeoForge","aeronautics_bundled, neoforge, minecraft","Create Aeronautics","1.3.0","Simulated Team","","Read attached LICENSE.md","Read attached LICENSE.md","Custom - review manually","","","LICENSE.md","1","LICENSE.md","","","False","","a2b08963ebc9f331f52c626aebcd65013e100d69","v0.0.1-Alpha","oWaK0Q19","create-aeronautics","Create Aeronautics","LicenseRef-Simulated-Project-License","","https://github.com/Creators-of-Aeronautics/Simulated-Project/blob/main/LICENSE.md","Custom (LicenseRef)","https://modrinth.com/mod/create-aeronautics","ModrinthCustom"
"create-confectionery1.21.1_v1.1.2.jar","False","","NeoForge","create_confectionery, neoforge, minecraft, create","Create Confectionery","1.1.2","Furti_Two","Created using mod maker MCreator - https://mcreator.net/about","Academic Free License v3.0","Academic Free License v3.0","Custom - review manually","https://www.curseforge.com/minecraft/mc-mods/create-confectionery","","","0","","","","False","","03110e94c56c74118d1fdd7c463f0e18e32a1a37","v0.0.1-Alpha","WPE5gRs9","create-confectionery","Create Confectionery","MIT","MIT License","","Permissive","https://modrinth.com/mod/create-confectionery","MISMATCH"
"create-enchantment-industry-2.5.0-preview-alpha1.jar","False","","NeoForge","create_enchantment_industry, neoforge, minecraft, create, create_dragons_plus, apothic_enchanting, apotheosis, apothic_spawners, sable, touhou_little_maid","Create: Enchantment Industry","2.5.0-preview-alpha1","DragonsPlus","","LGPL-3.0-or-later","LGPL","Weak copyleft","https://github.com/DragonsPlusMinecraft/CreateEnchantmentIndustry","https://github.com/DragonsPlusMinecraft/CreateEnchantmentIndustry/issues","LICENSE.txt","1","LICENSE.txt","","","False","","b1122189ae731195cfc04cd54ceac3d1418db164","v0.0.1-Alpha","JWGBpFUP","create-enchantment-industry","Create: Enchantment Industry","LGPL-3.0-or-later","GNU Lesser General Public License v3.0 or later","","Weak copyleft","https://modrinth.com/mod/create-enchantment-industry","Match"
"createaddition-1.6.0.jar","False","","NeoForge","createaddition, neoforge, create, jei, computercraft, simulated, minecraft","Create Crafts & Additions","1.6.0","MRH0","","MIT","MIT","Permissive","https://github.com/mrh0/createaddition","https://github.com/mrh0/createaddition/issues","","0","","","","False","","87b539d41ed238e98b26c607c0c81a973323147e","v0.0.1-Alpha","kU1G12Nn","createaddition","Create Crafts & Additions","MIT","MIT License","https://tldrlegal.com/license/mit-license","Permissive","https://modrinth.com/mod/createaddition","Match"
"createappliedkinetics-1.5.4-1.21.1.jar","False","","NeoForge","createappliedkinetics, neoforge, minecraft, create","Create: Applied Kinetics","1.5.4-1.21.1","Forsteri123","","All Rights Reserved","All Rights Reserved","ARR - check terms","","","","0","","","","False","","dd2df3b8febb78721be502aceff16af979a91314","v0.0.1-Alpha","mYGTCuZY","create-applied-kinetics","Create: Applied Kinetics","LicenseRef-All-Rights-Reserved","","","ARR - check terms","https://modrinth.com/mod/create-applied-kinetics","Match"
"createbigcannons-5.11.7+mc.1.21.1.jar","False","","NeoForge","createbigcannons, neoforge, minecraft, create, ritchiesprojectilelib, copycats, framedblocks, curios, sable, simulated, aeronautics, offroad","Create Big Cannons","5.11.7","rbasamoyai","","MIT and CC BY-NC-SA (see github for details)","CC BY-NC-SA","CC (non-commercial)","","https://github.com/Cannoneers-of-Create/CreateBigCannons/issues","","0","","","","False","","c90ee0b2142e2c58d233e150cb3a24c7cb07eb2d","v0.0.1-Alpha","GWp4jCJj","create-big-cannons","Create Big Cannons","LicenseRef-Create-Big-Cannons-License","","https://github.com/Cannoneers-of-Create/CreateBigCannons/blob/0b3e23456f38bac359112d82d6aad1b5430c04d1/LICENSE.md","Custom (LicenseRef)","https://modrinth.com/mod/create-big-cannons","ModrinthCustom"
"createdeco-2.1.3.jar","False","","NeoForge","createdeco, neoforge, minecraft, create","Create Deco","2.1.3","Kayla, Talrey, Ordana, Cassian","","All Rights Reserved","All Rights Reserved","ARR - check terms","","https://github.com/talrey/CreateDeco/","","0","","","","False","","93d9eff58b46c6953e907d071e6be4e3ce07be38","v0.0.1-Alpha","sMvUb4Rb","create-deco","Create Deco","MIT","MIT License","","Permissive","https://modrinth.com/mod/create-deco","MISMATCH"
"CreateDragonsPlus-1.11.2b.jar","False","","NeoForge","create_dragons_plus, neoforge, minecraft, create","Create: Dragons Plus","1.11.2b","DragonsPlus","","LGPL-3.0-or-later","LGPL","Weak copyleft","https://github.com/DragonsPlusMinecraft/CreateDragonsPlus","https://github.com/DragonsPlusMinecraft/CreateDragonsPlus/issues","LICENSE.txt; LICENSE-CREATE.txt","2","LICENSE.txt; LICENSE-CREATE.txt","","","False","","c0427a7f657f583694e485186621bdeda16ca8dd","v0.0.1-Alpha","dzb1a5WV","create-dragons-plus","Create: Dragons Plus","LGPL-3.0-or-later","GNU Lesser General Public License v3.0 or later","","Weak copyleft","https://modrinth.com/mod/create-dragons-plus","Match"
"createfood-neoforge-1.21.1-2.6.0.jar","False","","NeoForge","createfood, neoforge, minecraft, create, farmersdelight","Create: Food","2.6.0","average_anime","","GPL-3.0","GPL","Strong copyleft","https://github.com/AverageAnime/create-food-multiloader","","LICENSE_Create: Food","1","LICENSE_Create: Food","","","False","","3f38d35242974e17fc0fb93c3502cb7956ae1a9a","v0.0.1-Alpha","4HnO3el1","create-food","Create: Food","GPL-3.0-only","GNU General Public License v3.0 only","","Strong copyleft","https://modrinth.com/mod/create-food","Match"
"createframed-1.21.1-1.8.2.jar","False","","NeoForge","createframed, neoforge, minecraft, create","Create: Framed","1.8.2","DakotaPride","","MIT","MIT","Permissive","","","","0","","","","False","","222c998ffc62cd734e1318134c7f182c68f2b527","v0.0.1-Alpha","15fFZ3f4","create-framed","Create: Framed","MIT","MIT License","","Permissive","https://modrinth.com/mod/create-framed","Match"
"createnuclear-1.3.2-beta.3-neoforge.jar","False","","NeoForge","createnuclear, neoforge, minecraft, create","Create Nuclear","1.3.2-beta.3","Create Nuclear","","All Rights Reserved","All Rights Reserved","ARR - check terms","","https://github.com/Giovanniricotta2002/CreateNuclearForge/issues","","0","","","","False","","c4349006fd07e614b0de3c5982d7f0d0a818c98c","v0.0.1-Alpha","z611fdf7","createnuclear","Create Nuclear","MIT","MIT License","","Permissive","https://modrinth.com/mod/createnuclear","MISMATCH"
"CreateNumismatics-1.0.20+neoforge-mc1.21.1.jar","False","","NeoForge","numismatics, neoforge, minecraft, create","Create: Numismatics","1.0.20+neoforge-mc1.21.1","IThundxr, Violet, Pink, Slimeist, Razziel","","LGPL","LGPL","Weak copyleft","","https://github.com/Layers-of-Railways/CreateNumismatics/issues","","0","","","","False","","9883bfd6fef5bd5068f9174ddccba5047849c922","v0.0.1-Alpha","Jdbbtt0i","numismatics","Create: Numismatics","LGPL-3.0-only","GNU Lesser General Public License v3.0 only","","Weak copyleft","https://modrinth.com/mod/numismatics","Match"
"createoreexcavation-1.21-1.6.8.jar","False","","NeoForge","createoreexcavation, neoforge, create, minecraft, kubejs, kubejs_create","Create Ore Excavation","1.6.8","tom5454","tom5454","MIT License","MIT","Permissive","https://www.curseforge.com/minecraft/mc-mods/create-ore-excavation","https://github.com/tom5454/Create-Ore-Excavation/issues","","0","","","","False","","9a76b86ec7470d4bd7332f22d6e50a3693098c10","v0.0.1-Alpha","ResbpANg","create-ore-excavation","Create Ore Excavation","MIT","MIT License","","Permissive","https://modrinth.com/mod/create-ore-excavation","Match"
"CreativeCore_NEOFORGE_v2.13.41_mc1.21.1.jar","False","","NeoForge","creativecore, neoforge, minecraft","CreativeCore","2.13.41","CreativeMD","","LGPL-3.0-only","LGPL","Weak copyleft","https://modrinth.com/mod/creativecore","https://github.com/CreativeMD/CreativeCore/issues","","0","","","","False","","4b666b4668b77fdc1ac34a183aae58a432999970","v0.0.1-Alpha","OsZiaDHq","creativecore","CreativeCore","LGPL-3.0-only","GNU Lesser General Public License v3.0 only","","Weak copyleft","https://modrinth.com/mod/creativecore","Match"
"CreeperOverhaul-neoforge-1.21.1-4.0.6.jar","False","","NeoForge","creeperoverhaul, geckolib, resourcefulconfig, neoforge, minecraft","Creeper Overhaul","4.0.6","Artist/Creator - Joosh, Dev - ThatGravyBoat","","All rights reserved","All Rights Reserved","ARR - check terms","","","","0","","","","False","","5a07cc032df790e7d110ad3dedb7a76253ffd565","v0.0.1-Alpha","MI1LWe93","creeper-overhaul","Creeper Overhaul","LicenseRef-All-Rights-Reserved","","","ARR - check terms","https://modrinth.com/mod/creeper-overhaul","Match"
"Cucumber-1.21.1-8.0.16.jar","False","","NeoForge","cucumber, neoforge, minecraft","Cucumber Library","8.0.16","BlakeBr0","","MIT","MIT","Permissive","https://blakesmods.com/cucumber","https://github.com/BlakeBr0/Cucumber/issues","","0","","","","False","","0e97553af44d39d1976fe6feb4baf1c30c6b2f06","v0.0.1-Alpha","Rw1NrDzF","cucumber","Cucumber Library","MIT","MIT License","","Permissive","https://modrinth.com/mod/cucumber","Match"
"cupboard-1.21.1-3.8.jar","False","","NeoForge","cupboard, minecraft","Cupboard mod","3.8","Someaddon","","ARR","All Rights Reserved","ARR - check terms","","","","0","","","","False","","39df849e5a338dfe9ccb7632b1849c20357e597b","v0.0.1-Alpha","","","","","","","","","NotOnModrinth"
"curios-neoforge-9.5.1+1.21.1.jar","False","","NeoForge","curios, neoforge, minecraft","Curios API","9.5.1+1.21.1","C4","","LGPL-3.0-or-later","LGPL","Weak copyleft","https://github.com/TheIllusiveC4/Curios","https://github.com/TheIllusiveC4/Curios/issues","LICENSE; COPYING; COPYING.LESSER","3","LICENSE; COPYING; COPYING.LESSER","","","False","","418fcd42e3a7844c9bdc71c9b6401fdb3894e0c4","v0.0.1-Alpha","vvuO3ImH","curios","Curios API","LGPL-3.0-or-later","GNU Lesser General Public License v3.0 or later","","Weak copyleft","https://modrinth.com/mod/curios","Match"
"cyclopscore-1.21.1-neoforge-1.29.1.jar","False","","NeoForge","cyclopscore, neoforge, minecraft","Cyclops Core","1.29.1","rubensworks (aka kroeser)","","MIT","MIT","Permissive","https://www.curseforge.com/minecraft/mc-mods/cyclops-core","https://github.com/CyclopsMC/CyclopsCore/issues","","0","","","","False","","0cf9060effb3a6245f74f115ff6dc9566de67a5f","v0.0.1-Alpha","Z9DM0LJ4","cyclops-core","Cyclops Core","MIT","MIT License","","Permissive","https://modrinth.com/mod/cyclops-core","Match"
"darkmodeeverywhere-1.21-1.3.5.jar","False","","NeoForge","darkmodeeverywhere, neoforge, minecraft","Dark Mode Everywhere","1.21-1.3.5","Buuz135","","MIT","MIT","Permissive","","","","0","","","","False","","db5a7066cf14dbd1867c1afe6c91a6041009c8c2","v0.0.1-Alpha","k3lrwGqk","dark-mode-everywhere","Dark Mode Everywhere","MIT","MIT License","","Permissive","https://modrinth.com/mod/dark-mode-everywhere","Match"
"deep_aether-1.21.1-1.1.5.1.jar","False","","NeoForge","deep_aether, neoforge, minecraft, aether, aeroblender","Deep Aether","1.21.1-1.1.5.1","RazorDevs","Unofficial Add-on to the Aether mod. Textures by 345boneshoss and Aethyus. Code by TunefulTurnip and darksonic300. Contibutions from team members.","Assets: All Rights Reserved; Code: GPL-3.0","Assets: All Rights Reserved; Code: GPL-3.0","Split / multiple - review","https://modrinth.com/mod/deep-aether","https://github.com/RazorDevs/Deep-Aether/issues","","0","","","","False","","2cffdb08d7cb068186cf0fe766fd937425889af1","v0.0.1-Alpha","gcHIih5B","deep-aether","Deep Aether","LGPL-3.0-only","GNU Lesser General Public License v3.0 only","","Weak copyleft","https://modrinth.com/mod/deep-aether","MISMATCH"
"deeperdarker-neoforge-1.21.1-1.4.1.jar","False","","NeoForge","deeperdarker, minecraft, neoforge","Deeper and Darker","1.4.1","Kyanite Team","NewJumperr, nitro_dynamite18, angxdd, pr_ib, MainlyMaya","GPL-3.0","GPL","Strong copyleft","","https://github.com/KyaniteMods/DeeperAndDarker/issues","","0","","","","False","","b6094adde68bd4b909bc75c64901e1f3fb99ad8f","v0.0.1-Alpha","fnAffV0n","deeperdarker","Deeper and Darker","AGPL-3.0-only","GNU Affero General Public License v3.0 only","","Strong copyleft","https://modrinth.com/mod/deeperdarker","NEAR-MATCH"
"deimos-1.21.1-neoforge-2.7.jar","False","","NeoForge","deimos, neoforge, minecraft","Deimos","2.7","Mars","","MIT","MIT","Permissive","https://modrinth.com/mod/deimos","","","0","","","","False","","1b026e8e83030a27e762294f87f30eea5b23fa58","v0.0.1-Alpha","WQaxNzFg","deimos","Deimos","MIT","MIT License","","Permissive","https://modrinth.com/mod/deimos","Match"
"deployer-0.1.2.jar","False","","NeoForge","deployer, neoforge, minecraft, create, compat_manager, repackaged, create_factory_logistics","Deployer","0.1.2","Liukrast, SWZO","Credits to SWZO and Propants for the main idea","MIT","MIT","Permissive","https://liukrast.net/","https://github.com/LIUKRAST/Deployer/issues","","0","","","","False","","c3d2d9baad2e714cb8bf8ae6df9bc9cac6e87c1c","v0.0.1-Alpha","OZhUIuou","deployer","Create: Deployer API","MIT","MIT License","","Permissive","https://modrinth.com/mod/deployer","Match"
"derenderpatcher-2.0.0.jar","False","","NeoForge","derenderpatcher, neoforge, minecraft, brandonscore, codechickenlib, draconicevolution, embeddium, immediatelyfast, iris, sodium","Draconic Evolution Render Patcher","2.0.0","Yrley","","MIT","MIT","Permissive","","","","0","","","","False","","10e1d91f894f3afc8657b8080084ebd66c86daf1","v0.0.1-Alpha","BNhriTkm","draconic-evolution-render-patcher","Draconic Evolution Render Patcher","MIT","MIT License","","Permissive","https://modrinth.com/mod/draconic-evolution-render-patcher","Match"
"Design-n-Decor-1.21.1-2.2b.jar","False","","NeoForge","dndecor, neoforge, minecraft, flywheel, ponder, create","Design n' Decor","2.2b","LopyLuna, DrMangoTea","","MIT & ARR","MIT & ARR","Split / multiple - review","https://www.curseforge.com/minecraft/mc-mods/create-design-n-decor","","","0","","","","False","","ff5f0411a3d82e15d69b65617128f6d54e818e1b","v0.0.1-Alpha","x49wilh8","create-design-n-decor","Create: Design n' Decor","LicenseRef-MIT-Code-AND-ARR-Art","","","Split / multiple - review","https://modrinth.com/mod/create-design-n-decor","NEAR-MATCH"
"DiagonalFences-v21.1.1-1.21.1-NeoForge.jar","False","","NeoForge","diagonalfences, neoforge, minecraft, puzzleslib, diagonalblocks","Diagonal Fences","21.1.1","Fuzs, XFactHD","","MPL-2.0","MPL-2.0","Weak copyleft","https://github.com/Fuzss/diagonalfences","https://github.com/Fuzss/diagonalfences/issues","LICENSE-ASSETS.md; LICENSE.md","2","LICENSE.md","LICENSE-ASSETS.md","","True","","d77da342ec4fcdea694911cba068e310a0230621","v0.0.1-Alpha","IKARgflD","diagonal-fences","Diagonal Fences","MPL-2.0","Mozilla Public License 2.0","","Weak copyleft","https://modrinth.com/mod/diagonal-fences","Match"
"DiagonalWalls-v21.1.2-1.21.1-NeoForge.jar","False","","NeoForge","diagonalwalls, neoforge, minecraft, puzzleslib, diagonalblocks","Diagonal Walls","21.1.2","Fuzs, XFactHD","","MPL-2.0","MPL-2.0","Weak copyleft","https://github.com/Fuzss/diagonalwalls","https://github.com/Fuzss/diagonalwalls/issues","LICENSE-ASSETS.md; LICENSE.md","2","LICENSE.md","LICENSE-ASSETS.md","","True","","f2aed3ac68f5cc5e41ccc9d493f2706b0df53296","v0.0.1-Alpha","FQgc8dib","diagonal-walls","Diagonal Walls","MPL-2.0","Mozilla Public License 2.0","","Weak copyleft","https://modrinth.com/mod/diagonal-walls","Match"
"DiagonalWindows-v21.1.1-1.21.1-NeoForge.jar","False","","NeoForge","diagonalwindows, neoforge, minecraft, puzzleslib, diagonalblocks","Diagonal Windows","21.1.1","Fuzs, XFactHD","","MPL-2.0","MPL-2.0","Weak copyleft","https://github.com/Fuzss/diagonalwindows","https://github.com/Fuzss/diagonalwindows/issues","LICENSE-ASSETS.md; LICENSE.md","2","LICENSE.md","LICENSE-ASSETS.md","","True","","a2d28a50756a297d77f0a0fb9a015f4c2c501700","v0.0.1-Alpha","oOi0CKes","diagonal-windows","Diagonal Windows","MPL-2.0","Mozilla Public License 2.0","","Weak copyleft","https://modrinth.com/mod/diagonal-windows","Match"
"DimStorage-1.21.1-9.1.1.jar","False","","NeoForge","dimstorage, neoforge, minecraft, edivadlib","DimStorage","9.1.1","Edivad99","I would like to thank Thegaarnik for giving me the opportunity to publish and update this mod.","GNU AGPLv3","AGPL","Strong copyleft","","https://github.com/Edivad99/DimStorage/issues","","0","","","","False","","b2b89b7ce8f44c957935e26399cbdafc186b6b9b","v0.0.1-Alpha","8lnmIJH7","dimstorage","DimStorage","AGPL-3.0-only","GNU Affero General Public License v3.0 only","","Strong copyleft","https://modrinth.com/mod/dimstorage","Match"
"disenchanting_table-merged-1.21.1-5.0.2.jar","False","","NeoForge","disenchanting_table, neoforge, minecraft, monolib","Dis-Enchanting Table","5.0.2","Lupin, Jason13","Thanks to Jared(MultiLoader-Template), Darkhax(Bookshelf), Serilum(Collective) and PacifistMC(Forgix).","Unlicense","Public/Permissive","Permissive","https://github.com/Cursee-Development","","","0","","","","False","","c054a8bef63addff4d4a9520ec4c7a915c3fc1d1","v0.0.1-Alpha","9BgYgXE4","dis-enchanting-table","Dis-Enchanting Table","LicenseRef-All-Rights-Reserved","","","ARR - check terms","https://modrinth.com/mod/dis-enchanting-table","MISMATCH"
"DnDesires-1.21.1-2.3a-BETA.jar","False","","NeoForge","dndesires, neoforge, minecraft, create","Create: Dreams n' Desires","2.3a-BETA","LopyLuna","","MIT & ARR","MIT & ARR","Split / multiple - review","https://discord.gg/w5VCHxu6Uv","https://github.com/LopyLuna/Create-Dreams-and-Desires/issues","","0","","","","False","","72635119b4bcc49b050c50d6cbb1abb02bb3982a","v0.0.1-Alpha","JmybsfWs","create-dreams-and-desires","Create: Dreams & Desires","LicenseRef-MIT-Code-AND-ARR-Art","","","Split / multiple - review","https://modrinth.com/mod/create-dreams-and-desires","NEAR-MATCH"
"domum-ornamentum-1.0.234-snapshot-main.jar","False","","NeoForge","domum_ornamentum","Domum Ornamentum","${file.jarVersion}","LDTTeam, OrionDevelopment","","GPL3","GPL","Strong copyleft","","https://github.com/ldtteam/Domum-Ornamentum/issues/new/choose","","0","","","","False","","e9564ce1269840b4e70791b79c83716a972618df","v0.0.1-Alpha","","","","","","","","","NotOnModrinth"
"Draconic-Evolution-1.21.1-3.1.4.632.jar","False","","NeoForge","draconicevolution, neoforge, minecraft, computercraft, codechickenlib, brandonscore","Draconic Evolution","3.1.4.632","brandon3055","","CoFH ""Don't Be a Jerk"" License","CoFH ""Don't Be a Jerk"" License","Custom - review manually","","","","0","","","","False","","77ed9323c815433ca99c35b9d0f653d1efc36af5","v0.0.1-Alpha","nBqivi8H","draconic-evolution","Draconic Evolution","LicenseRef-CoFH-Dont-Be-a-Jerk-License","","https://github.com/Draconic-Inc/Draconic-Evolution/blob/master/LICENSE.md","Custom (LicenseRef)","https://modrinth.com/mod/draconic-evolution","ModrinthCustom"
"drippy_early_loading_module_neoforge_3.1.2_MC_1.21.1.jar","False","","Unknown / not a mod","","","","","","","UNDECLARED","Unknown","","","","0","","","","False","","1aa0b076f18e60671c11db2f3d3f8f2c23cd1d04","v0.0.1-Alpha","k3TlcLvL","drippy-early-loading-module","Drippy Early Loading Module","LicenseRef-DSMSLv3","","https://github.com/Keksuccino/Drippy-Loading-Screen/blob/main/LICENSE.md","Custom (LicenseRef)","https://modrinth.com/mod/drippy-early-loading-module","JarUndeclared"
"drippyloadingscreen_neoforge_3.1.2_MC_1.21.1.jar","False","","NeoForge","drippyloadingscreen, konkrete, fancymenu, neoforge, minecraft","Drippy Loading Screen","3.1.2","Keksuccino","","DSMSLv3 (DON'T SNATCH MA STUFF LICENSE v3)","DSMSLv3 (DON'T SNATCH MA STUFF LICENSE v3)","Custom - review manually","","","","0","","","","False","","b47a59369a55f818cadd9e0eeb9352b4028a5e9b","v0.0.1-Alpha","v3CYg2V9","drippy-loading-screen","Drippy Loading Screen","LicenseRef-DSMSLv3","","https://github.com/Keksuccino/Drippy-Loading-Screen/blob/main/LICENSE.md","Custom (LicenseRef)","https://modrinth.com/mod/drippy-loading-screen","ModrinthCustom"
"dummmmmmy-1.21-2.0.12-neoforge.jar","False","","NeoForge","dummmmmmy, neoforge, minecraft, moonlight","MmmMmmMmmMmm","1.21-2.0.12","Mehvahdjukaar, Bonusboni, Gooigipunch, Plantkillable","MehVahdJukaar","Supplementaries Team License v.1.5","Supplementaries Team License v.1.5","Custom - review manually","","https://github.com/MehVahdJukaar/DuMmmMmmy/issues","","0","","","","False","","0e69c2a8e4e51df42e45b2d6deb3a855bdf8dce6","v0.0.1-Alpha","Adega8YN","mmmmmmmmmmmm","MmmMmmMmmMmm","CC0-1.0","Creative Commons Zero v1.0 Universal","","Permissive","https://modrinth.com/mod/mmmmmmmmmmmm","MISMATCH"
"DungeonCrawl-NeoForge-1.21-2.3.17.jar","False","","NeoForge","dungeoncrawl, neoforge, minecraft","Dungeon Crawl","2.3.17","xiroc","Original Mod by Greymerk (Roguelike Dungeons)","GNU General Public License v3","GPL","Strong copyleft","","https://github.com/xyroc/DungeonCrawl/issues","","0","","","","False","","3abb84c4fcf1229fced0cc5e88fa6e9baa0aa4a7","v0.0.1-Alpha","q0rRg4lH","dungeoncrawl","Dungeon Crawl","GPL-3.0-only","GNU General Public License v3.0 only","","Strong copyleft","https://modrinth.com/mod/dungeoncrawl","Match"
"dungeons-and-taverns-v4.4.4.jar","False","","NeoForge","","","","","","LicenseRef-All-Rights-Reserved","All Rights Reserved","ARR - check terms","","","","0","","","","False","","249a5bdd0e8622b8a11f88758e6f5fd5fda036a3","v0.0.1-Alpha","tpehi7ww","dungeons-and-taverns","Dungeons and Taverns","LicenseRef-All-Rights-Reserved","","","ARR - check terms","https://modrinth.com/mod/dungeons-and-taverns","Match"
"durabilitytooltip-1.1.6-neoforge-mc1.21.jar","False","","NeoForge","durabilitytooltip, neoforge, minecraft, supermartijn642configlib","Durability Tooltip","1.1.6","SuperMartijn642","","All rights reserved","All Rights Reserved","ARR - check terms","https://www.curseforge.com/minecraft/mc-mods/durability-tooltip","https://github.com/SuperMartijn642/DurabilityTooltip/issues","","0","","","","False","","59a567402d894b46d6abe45831f39dcad5c93342","v0.0.1-Alpha","smUP7V3r","durability-tooltip","Durability Tooltip","LicenseRef-All-Rights-Reserved","","","ARR - check terms","https://modrinth.com/mod/durability-tooltip","Match"
"dyenamics-1.21.1-3.4.2.jar","False","","NeoForge","dyenamics, neoforge, minecraft","Dyenamics","1.21.1-3.4.2","LobsterJonn, Hekera, Reda, Cait","","All Rights Reserved","All Rights Reserved","ARR - check terms","","","","0","","","","False","","dc3ef3ca37de6c287180ae81d0328f575698c107","v0.0.1-Alpha","","","","","","","","","NotOnModrinth"
"dyenamicsandfriends-1.21.1-2.2.2.jar","False","","NeoForge","dyenamicsandfriends, neoforge, minecraft, dyenamics, productivemetalworks, luminax","Dyenamics and Friends","1.21.1-2.2.2","LobsterJonn","","All Rights Reserved","All Rights Reserved","ARR - check terms","","https://github.com/JDKDigital/dyenamicsandfriends/issues","","0","","","","False","","cc43cabf3d36c33d51bc923f21f819766d3ce75d","v0.0.1-Alpha","","","","","","","","","NotOnModrinth"
"dysoncubeproject-1.0.5.jar","False","","NeoForge","dysoncubeproject, neoforge, minecraft","Dyson Cube Project","1.0.5","Buuz135","","MIT","MIT","Permissive","","","","0","","","","False","","d44cd95808bfb583990829da776b69da95b97e6a","v0.0.1-Alpha","","","","","","","","","NotOnModrinth"
"easy-villagers-neoforge-1.21.1-1.1.42.jar","False","","NeoForge","easy_villagers, neoforge, minecraft, jei, theoneprobe, jade","Easy Villagers","1.21.1-1.1.42","Max Henkel","","All rights reserved","All Rights Reserved","ARR - check terms","https://www.curseforge.com/minecraft/mc-mods/easy-villagers","https://github.com/henkelmax/easy-villagers/issues","","0","","","","False","","5aed99e98bd9cb5a4d3e1ab84b0aa7f590b3a17f","v0.0.1-Alpha","Kaov2qgi","easy-villagers","Easy Villagers","LicenseRef-All-Rights-Reserved","","","ARR - check terms","https://modrinth.com/mod/easy-villagers","Match"
"EasyAnvils-v21.1.0-1.21.1-NeoForge.jar","False","","NeoForge","easyanvils, neoforge, minecraft, puzzleslib","Easy Anvils","21.1.0","Fuzs","","MPL-2.0","MPL-2.0","Weak copyleft","https://github.com/Fuzss/easyanvils","https://github.com/Fuzss/easyanvils/issues","LICENSE-ASSETS.md; LICENSE.md","2","LICENSE.md","LICENSE-ASSETS.md","","True","","376c02e44dfcb44b79a494b1dba87b2ffb24277f","v0.0.1-Alpha","OZBR5JT5","easy-anvils","Easy Anvils","MPL-2.0","Mozilla Public License 2.0","","Weak copyleft","https://modrinth.com/mod/easy-anvils","Match"
"EdivadLib-1.21-3.0.0.jar","False","","NeoForge","edivadlib, neoforge, minecraft","EdivadLib","3.0.0","Edivad99","","GNU AGPLv3","AGPL","Strong copyleft","","https://github.com/Edivad99/EdivadLib/issues","","0","","","","False","","99de3c473aa0120514a27d5a959a81c058e3fbb9","v0.0.1-Alpha","a8Jk9kpK","edivadlib","EdivadLib","LGPL-3.0-only","GNU Lesser General Public License v3.0 only","","Weak copyleft","https://modrinth.com/mod/edivadlib","MISMATCH"
"electrodynamics-1.21.1-1.0.12.jar","False","","NeoForge","electrodynamics, voltaic","Electrodynamics","1.0.12","aurilisdev, skip999","Thanks to all contributors. Roi Pasteque, FITFC, Quarkrus, JSBurger, 9thCore, goshante.","AURILISDEV LICENSE","AURILISDEV LICENSE","Custom - review manually","https://github.com/aurilisdev/Electrodynamics","https://github.com/aurilisdev/Electrodynamics/issues","","0","","","","False","","57a4a7d39de2d89affcdf809e50c65f7b35c34a6","v0.0.1-Alpha","xmhmr70o","electrodynamics","Electrodynamics","LicenseRef-AURILISDEV-LICENSE-1.0.2","","https://github.com/aurilisdev/Electrodynamics/blob/1.20/LICENSE.txt","Custom (LicenseRef)","https://modrinth.com/mod/electrodynamics","ModrinthCustom"
"elevatorid-neoforge-1.21.1-1.11.4.jar","False","","NeoForge","elevatorid, neoforge, minecraft","ElevatorMod","1.21.1-1.11.4","VsnGamer","OpenBlocks Team","MIT","MIT","Permissive","https://github.com/VsnGamer/ElevatorMod","https://github.com/VsnGamer/ElevatorMod/issues/","","0","","","","False","","87a5504efcd51de55cd4215a103cbfcf717fa022","v0.0.1-Alpha","hi2dSXTu","elevatormod","ElevatorMod","MIT","MIT License","","Permissive","https://modrinth.com/mod/elevatormod","Match"
"enchdesc-neoforge-1.21.1-21.1.10.jar","False","","NeoForge","enchdesc, neoforge, minecraft, bookshelf, prickle","EnchantmentDescriptions","21.1.10","Darkhax","This project is made possible with Patreon support from players like you. Thank you! lothrazar, Tobias Ward, Keyana , techsquirrel, noobanidus, Darkosto","LGPL 2.1","LGPL","Weak copyleft","https://www.curseforge.com/minecraft/mc-mods/enchantment-descriptions","https://github.com/Darkhax-Minecraft/Enchantment-Descriptions/issues","license_enchdesc.txt","1","license_enchdesc.txt","","","False","","9a06a20881c5feb730aa249666cac2871ca99fda","v0.0.1-Alpha","UVtY3ZAC","enchantment-descriptions","Enchantment Descriptions","LGPL-2.1-only","GNU Lesser General Public License v2.1 only","","Weak copyleft","https://modrinth.com/mod/enchantment-descriptions","Match"
"enderdrives-neoforge-1.21.1-1.4.4.jar","False","","NeoForge","enderdrives, neoforge, minecraft, ae2, glodium, extendedae","EnderDrives","1.4.4","STS15","","MIT License","MIT","Permissive","","","LICENSE_EnderDrives","1","LICENSE_EnderDrives","","","False","","910f3c970434f0def3250e77226b6e3201a3f687","v0.0.1-Alpha","","","","","","","","","NotOnModrinth"
"enderio-8.2.11-beta.jar","False","","NeoForge","enderio, minecraft, neoforge, endercore, ftbultimine, mekanism, ae2, refinedstorage","Ender IO","8.2.11-beta","CrazyPants, tterrag, HenryLoenwind, MatthiasM, CyanideX, EpicSquid, Rover656, HypherionSA, liliandev, Ferri_Arnus, dphaldes","","CC0","CC0","Permissive","https://enderio.com/","https://github.com/Team-EnderIO/EnderIO/issues","","0","","","","False","","87b7218eed2e2f325ddcb8d3ce94a67aabaa17ca","v0.0.1-Alpha","49ZofO4f","enderio","Ender IO","Unlicense","The Unlicense","","Permissive","https://modrinth.com/mod/enderio","NEAR-MATCH"
"endermanoverhaul-neoforge-1.21.1-2.0.3.jar","False","","NeoForge","endermanoverhaul, neoforge, minecraft, resourcefullib, resourcefulconfig, geckolib","Enderman Overhaul","2.0.3","Alex Nijjar, Joosh","","ARR","All Rights Reserved","ARR - check terms","https://www.curseforge.com/minecraft/mc-mods/enderman-overhaul","https://github.com/bonsaistudi0s/endermanoverhaul/issues","","0","","","","False","","f71aa503738f2e23a8d939b7ea9f96f2fe203f11","v0.0.1-Alpha","Lq6ojcWv","enderman-overhaul","Enderman Overhaul","LicenseRef-All-Rights-Reserved","","","ARR - check terms","https://modrinth.com/mod/enderman-overhaul","Match"
"EnderStorage-1.21.1-2.13.0.191.jar","False","","NeoForge","enderstorage, neoforge, minecraft, codechickenlib","EnderStorage","2.13.0.191","ChickenBones, covers1624","","The MIT License (MIT)","MIT","Permissive","https://www.curseforge.com/minecraft/mc-mods/ender-storage-1-8","https://github.com/TheCBProject/EnderStorage","LICENSE.txt","1","LICENSE.txt","","","False","","5b5fc717242a9eb2d8b4a5e57ea1a38446722864","v0.0.1-Alpha","BbrHg80P","ender-storage","Ender Storage","MIT","MIT License","","Permissive","https://modrinth.com/mod/ender-storage","Match"
"energymeter-neoforge-1.21.1-0.4.1.jar","False","","NeoForge","energymeter, minecraft, neoforge, computercraft, guideme","Energy Meter","1.21.1-0.4.1","Almost Reliable","Based on the idea of Quintinity.","All Rights Reserved","All Rights Reserved","ARR - check terms","","https://github.com/AlmostReliable/energymeter/issues","","0","","","","False","","a0da62682f28ea5550483b6be7c46698a98b1a6a","v0.0.1-Alpha","MbejSZ2E","energymeter","Energy Meter","LicenseRef-All-Rights-Reserved","","","ARR - check terms","https://modrinth.com/mod/energymeter","Match"
"entangled-1.3.21-neoforge-mc1.21.jar","False","","NeoForge","entangled, neoforge, minecraft, supermartijn642corelib, supermartijn642configlib","Entangled","1.3.21","SuperMartijn642","","All rights reserved","All Rights Reserved","ARR - check terms","https://www.curseforge.com/minecraft/mc-mods/entangled","https://github.com/SuperMartijn642/Entangled/issues","","0","","","","False","","72d63d64ee774b89302e0d6b220757ba11b6ec4f","v0.0.1-Alpha","rylMOguI","entangled","Entangled","LicenseRef-All-Rights-Reserved","","","ARR - check terms","https://modrinth.com/mod/entangled","Match"
"entityculling-neoforge-1.10.5-mc1.21.1.jar","False","","NeoForge","entityculling, minecraft, neoforge","EntityCulling","1.10.5","tr7zw","","tr7zw Protective License","tr7zw Protective License","Custom - review manually","https://modrinth.com/mod/entityculling","https://github.com/tr7zw/EntityCulling/issues","LICENSE; LICENSE-EntityCulling","2","LICENSE; LICENSE-EntityCulling","","","False","","420d0006dbc0a20b1c2dd0b3c7c20ddb5cc51fcf","v0.0.1-Alpha","NNAgCjsB","entityculling","Entity Culling","LicenseRef-tr7zw-Protective-License","","https://github.com/tr7zw/EntityCulling/blob/1.18/LICENSE-EntityCulling","Custom (LicenseRef)","https://modrinth.com/mod/entityculling","ModrinthCustom"
"escalated-1.3.1-mc.1.21.1.jar","False","","NeoForge","escalated, neoforge, minecraft, create, sable","Create: Escalated","1.3.1","rbasamoyai","","MIT","MIT","Permissive","","https://github.com/Create-In-Locomotion/Create-Escalated/issues","","0","","","","False","","61ec92d76896273d10bb8a7098de9b75af8d9937","v0.0.1-Alpha","LyOBYG8Q","escalated","Create: Escalated","MIT","MIT License","","Permissive","https://modrinth.com/mod/escalated","Match"
"eternalstarlight-0.8.1+1.21.1+neoforge.jar","False","","NeoForge","eternal_starlight, neoforge, minecraft","Eternal Starlight","0.8.1+1.21.1+neoforge","LeoLezury","","MIT","MIT","Permissive","","","","0","","","","False","","7deb37b78198efafb053ca84551b3a7d573a2737","v0.0.1-Alpha","XvcfUGfB","eternal-starlight","Eternal Starlight","MIT","MIT License","","Permissive","https://modrinth.com/mod/eternal-starlight","Match"
"EuphoriaPatcher-1.9.3-r5.8.1-neoforge.jar","False","","NeoForge","euphoria_patcher, neoforge, minecraft","Euphoria Patcher","1.9.3-r5.8.1-neoforge","SpacEagle17","","MPL-2.0","MPL-2.0","Weak copyleft","https://euphoriapatches.com","https://euphoriapatches.com/discord","META-INF/LICENSE.txt; META-INF/NOTICE.txt; META-INF/LICENSE","3","","META-INF/LICENSE.txt; META-INF/NOTICE.txt; META-INF/LICENSE","","False","","a8e8a45390d30b82f722acc669d5cb2a5d9fff79","v0.0.1-Alpha","4H6sumDB","euphoria-patches","Euphoria Patches","MPL-2.0","Mozilla Public License 2.0","","Weak copyleft","https://modrinth.com/mod/euphoria-patches","Match"
"everythingbugs-0.0.1.jar","False","","NeoForge","everythingbugs, neoforge, minecraft, modern_industrialization, voltaic, tfmg, ballistix","Everything Bugs","0.0.1","Forge Everything Team","","All Rights Reserved","All Rights Reserved","ARR - check terms","","","","0","","","","False","","63737ea1ebbe88f9366a22612e277c3a3e073ff6","v0.0.1-Alpha","","","","","","","","","NotOnModrinth"
"everythingcopper-1.21.1-2.4.5.jar","False","","NeoForge","everythingcopper, neoforge, minecraft","Everything is Copper","1.21.1-2.4.5","LobsterJonn","","All Rights Reserved","All Rights Reserved","ARR - check terms","","","","0","","","","False","","b1e47814467032ed8d24f5a2ce3f466e44be9239","v0.0.1-Alpha","","","","","","","","","NotOnModrinth"
"everythingores-0.0.1.jar","False","","NeoForge","everythingores, neoforge, minecraft","Everything Ores","0.0.1","","","MIT","MIT","Permissive","","","","0","","","","False","","0e0e98b2e99c4499f67a369e7b246829d8140b37","v0.0.1-Alpha","","","","","","","","","NotOnModrinth"
"evilcraft-1.21.1-neoforge-1.2.89.jar","False","","NeoForge","evilcraft, cyclopscore, neoforge, minecraft, evilcraftcompat","EvilCraft | EvilCraft-Compat","1.2.89 | 1.1.0","rubensworks (aka kroeser)","","MIT","MIT","Permissive","https://www.curseforge.com/minecraft/mc-mods/evilcraft","https://github.com/CyclopsMC/EvilCraft/issues","","0","","","","False","","768e947a89b02af690cdfac8a4ce6b4145cc4933","v0.0.1-Alpha","3ANq2btA","evilcraft","EvilCraft","MIT","MIT License","","Permissive","https://modrinth.com/mod/evilcraft","Match"
"explore_ruins_aether-1.0.0-neoforge-1.21.1.jar","False","","NeoForge","explore_ruins_aether, neoforge, minecraft","Explore Ruins Aether","1.0.0","NoCube","https://modrinth.com/mod/explore-ruins-aether","Not specified","Not specified","Custom - review manually","https://curseforge.com/minecraft/mc-mods/explore-ruins-aether","","","0","","","","False","","c4de6d0104090df656634afc03f3b1b05c6b33e1","v0.0.1-Alpha","spwhkPqk","explore-ruins-aether","Explore Ruins: The Aether - Dungeons & Structures","LicenseRef-All-Rights-Reserved","","","ARR - check terms","https://modrinth.com/mod/explore-ruins-aether","MISMATCH"
"ExplorersCompass-1.21.1-3.4.0-neoforge.jar","False","","NeoForge","explorerscompass, neoforge, minecraft","Explorer's Compass","1.21.1-3.4.0-neoforge","ChaosTheDude","","CC BY-NC-SA 4.0","CC BY-NC-SA","CC (non-commercial)","https://github.com/MattCzyr/ExplorersCompass","https://github.com/MattCzyr/ExplorersCompass/issues","","0","","","","False","","9f62af344988a6e2d855b113e61cf0e1611c7e0f","v0.0.1-Alpha","RV1qfVQ8","explorers-compass","Explorer's Compass","CC-BY-NC-SA-4.0","Creative Commons Attribution Non Commercial Share Alike 4.0 International","","CC (non-commercial)","https://modrinth.com/mod/explorers-compass","Match"
"Explorify v1.6.5.mod.jar","False","","NeoForge","explorify, minecraft","Explorify","1.6.5","bebebea_loste","","ARR","All Rights Reserved","ARR - check terms","https://modrinth.com/datapack/explorify","","","0","","","","False","","5fb28be29200a41b034e423d87823eb19ad651cd","v0.0.1-Alpha","HSfsxuTo","explorify","Explorify","LicenseRef-All-Rights-Reserved","","","ARR - check terms","https://modrinth.com/mod/explorify","Match"
"extended-industrialization-1.15.45-1.21.1.jar","False","","NeoForge","extended_industrialization, neoforge, modern_industrialization, emi, tesseract_api, accessories, curios","Extended Industrialization","1.15.45-1.21.1","Swedz","","MIT","MIT","Permissive","https://github.com/Swedz/Extended-Industrialization","https://github.com/Swedz/Extended-Industrialization/issues","LICENSE","1","LICENSE","","","False","","f8f2f4b51066b600b5cf7c0ba980386a834c2ef7","v0.0.1-Alpha","CCM0U9YU","extended-industrialization","Extended Industrialization","MIT","MIT License","","Permissive","https://modrinth.com/mod/extended-industrialization","Match"
"ExtendedAE-1.21-2.2.29-neoforge.jar","False","","NeoForge","extendedae, neoforge, minecraft, ae2, guideme, glodium, ae2wtlib_api, ae2wtlib","ExtendedAE","1.21-2.2.29-neoforge","GlodBlock","Sea_Kerman for models, Ridanisaurus for the new textures, gt147532689 for Chinese(simplified) translation, nekitbrush for Russian translation","LGPL-3.0","LGPL","Weak copyleft","https://github.com/GlodBlock/ExtendedAE","https://github.com/GlodBlock/ExtendedAE/issues","","0","","","","False","","c8181dfc8fad5fc5dd4e119c8fbe269b5248815c","v0.0.1-Alpha","JiOqfoFM","extended-ae","Extended AE","LGPL-3.0-or-later","GNU Lesser General Public License v3.0 or later","https://github.com/GlodBlock/ExtendedAE?tab=LGPL-3.0-1-ov-file","Weak copyleft","https://modrinth.com/mod/extended-ae","Match"
"extra_gauges-2.1.2.jar","False","","NeoForge","extra_gauges, neoforge, minecraft, create, deployer","Create: Extra Gauges","2.1.2","Liukrast, Francywott","","MIT","MIT","Permissive","https://liukrast.net/","https://github.com/LIUKRAST/CreateExtraGauges/issues","","0","","","","False","","d6bc0896c33213d6b5623dba053dab2df9502bd4","v0.0.1-Alpha","6YJgomwt","extra-gauges","Create: Extra Gauges","MIT","MIT License","https://github.com/LIUKRAST/CreateExtraGauges/blob/master/LICENCE","Permissive","https://modrinth.com/mod/extra-gauges","Match"
"ExtraDisks-1.21.1-4.0.15.jar","False","","NeoForge","extradisks, neoforge, minecraft, refinedstorage, refinedstorage_mekanism_integration","Extra Disks","1.21.1-4.0.15","MelanX","","The Apache License, Version 2.0","Apache-2.0","Permissive","https://github.com/ChaoticTrials/ExtraDisks","https://github.com/ChaoticTrials/ExtraDisks/issues","","0","","","","False","","d2b4a80b1770e8cae2bc233774ed7ed4abd81510","v0.0.1-Alpha","Tlo2tahX","extra-disks","Extra Disks","MIT","MIT License","","Permissive","https://modrinth.com/mod/extra-disks","NEAR-MATCH"
"extraspecialcore-1.2.2+1.21.1-neoforge.jar","False","","NeoForge","extraspecialcore, neoforge, minecraft","ExtraSpecialCore","1.2.2","Extra_Special_K, TWGMike, Manialate","","MIT","MIT","Permissive","https://unbound.creatopia.uk","","","0","","","","False","","9960370cb74d8ed5426e825f85d95d43ce2c278b","v0.0.1-Alpha","","","","","","","","","NotOnModrinth"
"ExtraStorage-1.21.1-5.0.10.jar","False","","NeoForge","extrastorage, neoforge, minecraft, refinedstorage, edivadlib","ExtraStorage","5.0.10","Edivad99","","GNU AGPLv3","AGPL","Strong copyleft","","https://github.com/Edivad99/ExtraStorage/issues","","0","","","","False","","a3023c6c2db29c6551b0a8bcd9ab12f0eeeca093","v0.0.1-Alpha","T34cBZKl","extrastorage","ExtraStorage","AGPL-3.0-only","GNU Affero General Public License v3.0 only","","Strong copyleft","https://modrinth.com/mod/extrastorage","Match"
"ExtremeReactors2-1.21.1-2.4.9.jar","False","","NeoForge","bigreactors, minecraft, neoforge, zerocore","Extreme Reactors","1.21.1-2.4.9","ZeroNoRyouki","","MIT","MIT","Permissive","","https://github.com/ZeroNoRyouki/ExtremeReactors2","","0","","","","False","","9a079dfcbb4fa350dfbe76b2674d20f1028cad62","v0.0.1-Alpha","idkvShUy","extreme-reactors","Extreme Reactors","MIT","MIT License","","Permissive","https://modrinth.com/mod/extreme-reactors","Match"
"ExtremeSoundMuffler-3.56_NeoForge-1.21.jar","False","","NeoForge","extremesoundmuffler, neoforge, minecraft","Extreme Sound Muffler","3.56","LeoBeliik","","GNU LESSER GENERAL PUBLIC LICENSE","LGPL","Weak copyleft","","https://github.com/LeoBeliik/ExtremeSoundMuffler/issues","","0","","","","False","","f8b558f8c464f202f4a88a44332b3a495c0dc727","v0.0.1-Alpha","5IIKsxiL","extreme_sound_muffler","Extreme sound muffler","LGPL-3.0-only","GNU Lesser General Public License v3.0 only","","Weak copyleft","https://modrinth.com/mod/extreme_sound_muffler","Match"
"factory_blocks-neoforge-1.4.0+mc1.21.1.jar","False","","NeoForge","factory_blocks, minecraft, neoforge, architectury","Factory Blocks","1.4.0+mc1.21.1","slaincow","","MIT","MIT","Permissive","","https://github.com/matthewperiut/Chisel-Reborn/issues","","0","","","","False","","51fa93c3b0978f4f7e3b801bea6822ec72522e50","v0.0.1-Alpha","","","","","","","","","NotOnModrinth"
"fancymenu_neoforge_3.9.6_MC_1.21.1.jar","False","","NeoForge","fancymenu, konkrete, melody, findme, drippyloadingscreen, fancy_entity_renderer, watermedia, neoforge, minecraft","FancyMenu","3.9.6","Keksuccino","","DSMSLv3 (DON'T SNATCH MA STUFF LICENSE v3)","DSMSLv3 (DON'T SNATCH MA STUFF LICENSE v3)","Custom - review manually","","","","0","","","","False","","cb5150d3860eec5b8c65ba5149d183549b7d7181","v0.0.1-Alpha","Wq5SjeWM","fancymenu","FancyMenu","LicenseRef-DSMSLv3","","https://github.com/Keksuccino/FancyMenu/blob/master/LICENSE.md","Custom (LicenseRef)","https://modrinth.com/mod/fancymenu","ModrinthCustom"
"FarmersDelight-1.21.1-1.3.2.jar","False","","NeoForge","farmersdelight, neoforge, minecraft, crafttweaker","Farmer's Delight","1.3.2","vectorwing","Chloe Dawn, Grimmauld, CDAGaming, TelepathicGrunt, XFactHD, GizmoThemoonPig, ConductiveFoam, simibubi, MerchantPug, Jozufozu, bagel, Silk, SkySom, Eutro, RaymondBlaze and many others!","MIT License","MIT","Permissive","https://github.com/vectorwing/FarmersDelight","https://github.com/vectorwing/FarmersDelight/issues","","0","","","","False","","bf7e7dede99e832de20e191b1f6c11f7a9b9a622","v0.0.1-Alpha","R2OftAxM","farmers-delight","Farmer's Delight","MIT","MIT License","","Permissive","https://modrinth.com/mod/farmers-delight","Match"
"FastFurnace-1.21.1-9.0.1.jar","False","","NeoForge","fastfurnace, minecraft, neoforge, placebo","FastFurnace","9.0.1","Shadows_of_Fire","","MIT License","MIT","Permissive","","","","0","","","","False","","cb77b3bc40bb598cfc50773d491c9e1af06d3833","v0.0.1-Alpha","9X0318ev","fastfurnace","FastFurnace","MIT","MIT License","","Permissive","https://modrinth.com/mod/fastfurnace","Match"
"FastWorkbench-1.21.1-9.1.3.jar","False","","NeoForge","fastbench, minecraft, neoforge, placebo","Fast Workbench","9.1.3","Shadows_of_Fire","","MIT License","MIT","Permissive","","","","0","","","","False","","cfe55dc815979028d2a2211e26115dbd02273f87","v0.0.1-Alpha","5NYPwQRn","fastworkbench","FastWorkbench","MIT","MIT License","","Permissive","https://modrinth.com/mod/fastworkbench","Match"
"Female-Gender-Mod-neoforge-1.21-3.2.2.jar","False","","NeoForge","wildfire_gender, minecraft, neoforge","Wildfire's Female Gender Mod","3.2.2","WildfireRomeo","Archl, arcti_cc, Kichura, Powerless001, pupnewfster","LGPLv3","LGPL","Weak copyleft","https://www.curseforge.com/minecraft/mc-mods/female-gender-forge","https://github.com/WildfireRomeo/WildfireFemaleGenderMod/issues","","0","","","","False","","f2e4027d0943c04700173a97c88aaebb1f1777ad","v0.0.1-Alpha","bcOsQHnC","female-gender","Female Gender Mod","LGPL-3.0-only","GNU Lesser General Public License v3.0 only","","Weak copyleft","https://modrinth.com/mod/female-gender","Match"
"ferritecore-7.0.3-neoforge.jar","False","","NeoForge","ferritecore, neoforge, minecraft","Ferrite Core","7.0.3","malte0811","","MIT","MIT","Permissive","","","","0","","","","False","","9563692efb708b6b568df27a01ec52f6311928ef","v0.0.1-Alpha","uXXizFIs","ferrite-core","FerriteCore","MIT","MIT License","","Permissive","https://modrinth.com/mod/ferrite-core","Match"
"flickerfix-1.21.0.jar","False","","NeoForge","flickerfix, neoforge, minecraft","FlickerFix","4.0.1","","","All Rights Reserved","All Rights Reserved","ARR - check terms","","https://github.com/jeremiahwinsley/flickerfix","","0","","","","False","","8c0c7c55eeffc5e9c5ada17b650c32a4c1cd21da","v0.0.1-Alpha","KSyWOxT5","flickerfix","FlickerFix","MIT","MIT License","","Permissive","https://modrinth.com/mod/flickerfix","MISMATCH"
"FluxNetworks-1.21.1-8.0.0.jar","False","","NeoForge","fluxnetworks, neoforge, minecraft, modernui, jei, the_one_probe","Flux Networks","8.0.0","Sonar Sonic, BloCamLimb","","MIT","MIT","Permissive","https://www.curseforge.com/minecraft/mc-mods/flux-networks","https://github.com/SonarSonic/Flux-Networks/issues","","0","","","","False","","183342f454428084748f2784c8efd748664a9f9c","v0.0.1-Alpha","","","","","","","","","NotOnModrinth"
"forbidden_arcanus-2.6.1.jar","False","","NeoForge","forbidden_arcanus, neoforge, valhelsia_core","Forbidden Arcanus","2.6.1","","{mod_authors}","All Rights Reserved","All Rights Reserved","ARR - check terms","","","","0","","","","False","","1de105be68b88de87a5e6749f320c790d550c120","v0.0.1-Alpha","MdlnLS7Q","forbidden-arcanus","Forbidden and Arcanus ","LicenseRef-All-Rights-Reserved","","","ARR - check terms","https://modrinth.com/mod/forbidden-arcanus","Match"
"forgified-fabric-api-0.116.7+2.2.4+1.21.1.jar","False","","NeoForge","fabric_api, neoforge, minecraft, forgified_fabric_api","Forgified Fabric API | Forgified Fabric API (dummy)","${file.jarVersion}","Sinytra, FabricMC","","Apache-2.0","Apache-2.0","Permissive","https://github.com/Sinytra/ForgifiedFabricAPI","https://github.com/Sinytra/ForgifiedFabricAPI/issues","","0","","","","False","","459b5f4c7297b2f7649d43137f3e5a069b69b707","v0.0.1-Alpha","Aqlf1Shp","forgified-fabric-api","Forgified Fabric API","Apache-2.0","Apache License 2.0","https://github.com/Sinytra/ForgifiedFabricAPI/blob/1.20.1/LICENSE","Permissive","https://modrinth.com/mod/forgified-fabric-api","Match"
"formations-1.0.4-neoforge-mc1.21.jar","False","","NeoForge","formations, neoforge, minecraft","Formations","1.0.4","SuperMartijn642","","All rights reserved","All Rights Reserved","ARR - check terms","https://legacy.curseforge.com/minecraft/mc-mods/formations","https://github.com/SuperMartijn642/Formations/issues","","0","","","","False","","3845f96c9304f6956688f7a35205e9354bf411b0","v0.0.1-Alpha","tPe4xnPd","formations","Formations (Structure Library)","LicenseRef-All-Rights-Reserved","","","ARR - check terms","https://modrinth.com/mod/formations","Match"
"formationsnether-1.0.5-mc1.21+.jar","False","","NeoForge","formationsnether, minecraft, formations","Formations Nether","1.0.5","SuperMartijn642","","All rights reserved","All Rights Reserved","ARR - check terms","https://legacy.curseforge.com/minecraft/mc-mods/formations-nether","https://github.com/SuperMartijn642/FormationsNether/issues","","0","","","","False","","12b69c1cd22bbbe8c5888a030bef791b992b0d39","v0.0.1-Alpha","cGvQGRls","formations-nether","Formations Nether","LicenseRef-All-Rights-Reserved","","","ARR - check terms","https://modrinth.com/mod/formations-nether","Match"
"formationsoverworld-1.0.5-mc1.21+.jar","False","","NeoForge","formationsoverworld, minecraft, formations","Formations Overworld","1.0.5","SuperMartijn642","","All rights reserved","All Rights Reserved","ARR - check terms","https://legacy.curseforge.com/minecraft/mc-mods/formations-overworld","https://github.com/SuperMartijn642/FormationsOverworld/issues","","0","","","","False","","edbc169c78f9f1cdf5233e996f12b21e7e1cdf18","v0.0.1-Alpha","KX1XC0Oo","formations-overworld","Formations Overworld","LicenseRef-All-Rights-Reserved","","","ARR - check terms","https://modrinth.com/mod/formations-overworld","Match"
"FramedBlocks-10.6.0.jar","False","","NeoForge","framedblocks, neoforge, minecraft, athena, atlasviewer, buildinggadgets, create, diagonalblocks, emi, jei, rei, amendments, ae2, searchables, additionalplacements","FramedBlocks","10.6.0","XFactHD","","LGPL v3","LGPL","Weak copyleft","https://www.curseforge.com/minecraft/mc-mods/framedblocks","https://www.github.com/xfacthd/framedblocks","","0","","","","False","","eb96e6983845daee8d6ac84544ba1df55d4a6fae","v0.0.1-Alpha","wbgfS34j","framedblocks","FramedBlocks","LGPL-3.0-only","GNU Lesser General Public License v3.0 only","","Weak copyleft","https://modrinth.com/mod/framedblocks","Match"
"framework-neoforge-1.21.1-0.13.11.jar","False","","NeoForge","framework, neoforge, minecraft","Framework","0.13.11","MrCrayfish","","LGPLv2.1","LGPL","Weak copyleft","https://mrcrayfish.com/mods?id=framework","","LICENSE_framework","1","LICENSE_framework","","","False","","e46eb138fbb13a12f37154fb4ec407d64b326475","v0.0.1-Alpha","","","","","","","","","NotOnModrinth"
"ftb-chunks-neoforge-2101.1.14.jar","False","","NeoForge","ftbchunks, neoforge, minecraft, architectury, ftblibrary, ftbteams, ftbbackups3","FTB Chunks","2101.1.14","FTB Team","","All Rights Reserved","All Rights Reserved","ARR - check terms","","https://go.ftb.team/support-mod-issues","","0","","","","False","","908b63b11d0e00ae6c9557d3fe6440bdbcf21bb7","v0.0.1-Alpha","","","","","","","","","NotOnModrinth"
"ftb-essentials-neoforge-2101.1.9.jar","False","","NeoForge","ftbessentials, neoforge, minecraft, ftblibrary, ftbranks, luckperms","FTB Essentials","2101.1.9","FTB Team","","All Rights Reserved","All Rights Reserved","ARR - check terms","","https://go.ftb.team/support-mod-issues","","0","","","","False","","7d6f274b38d767215549ec066246390c49ac7ad8","v0.0.1-Alpha","","","","","","","","","NotOnModrinth"
"ftb-filter-system-neoforge-21.1.4.jar","False","","NeoForge","ftbfiltersystem, neoforge, minecraft, architectury, ftblibrary, jei, ftbxmodcompat","FTB Filter System","21.1.4","FTB Team","","All Rights Reserved","All Rights Reserved","ARR - check terms","https://www.curseforge.com/minecraft/mc-mods/ftb-filter-system","https://go.ftb.team/support-mod-issues","","0","","","","False","","a48e54edeacc59aaba29a1b627799c052112ee0b","v0.0.1-Alpha","","","","","","","","","NotOnModrinth"
"ftb-jei-extras-21.1.7.jar","False","","NeoForge","ftbjeiextras, neoforge, minecraft","FTB Jei Extras","21.1.7","FTB Team","","All Rights Reserved","All Rights Reserved","ARR - check terms","","","","0","","","","False","","ef01126201a805991bbfe5351cff7d0a9e3a077b","v0.0.1-Alpha","","","","","","","","","NotOnModrinth"
"ftb-library-neoforge-2101.1.31.jar","False","","NeoForge","ftblibrary, neoforge, minecraft, architectury","FTB Library","2101.1.31","FTB Team","","All Rights Reserved","All Rights Reserved","ARR - check terms","","https://go.ftb.team/support-mod-issues","","0","","","","False","","686d4e784c28c14f7760cc22b2de6a8573b56b74","v0.0.1-Alpha","","","","","","","","","NotOnModrinth"
"ftb-quests-neoforge-2101.1.24.jar","False","","NeoForge","ftbquests, neoforge, minecraft, architectury, ftblibrary, ftbteams, ftbxmodcompat","FTB Quests","2101.1.24","FTB Team","","All Rights Reserved","All Rights Reserved","ARR - check terms","","https://github.com/FTBTeam/FTB-Mods-Issues/issues","","0","","","","False","","abe5eeccbddf10ae4e40c350cdb6e95ee9e4cde1","v0.0.1-Alpha","","","","","","","","","NotOnModrinth"
"ftb-ranks-neoforge-2101.1.3.jar","False","","NeoForge","ftbranks, neoforge, minecraft, architectury, ftblibrary","FTB Ranks","2101.1.3","FTB Team","","All Rights Reserved","All Rights Reserved","ARR - check terms","","https://go.ftb.team/support-mod-issues","","0","","","","False","","07fdfa3a75c3481770ce0118090a347d89e3a560","v0.0.1-Alpha","","","","","","","","","NotOnModrinth"
"ftb-teams-neoforge-2101.1.10.jar","False","","NeoForge","ftbteams, neoforge, minecraft, architectury, ftblibrary","FTB Teams","2101.1.10","FTB Team","","All Rights Reserved","All Rights Reserved","ARR - check terms","","https://go.ftb.team/support-mod-issues","","0","","","","False","","363376ae0fb22cb0527170fdf6a066d1da9b0225","v0.0.1-Alpha","","","","","","","","","NotOnModrinth"
"ftb-ultimine-neoforge-2101.1.14.jar","False","","NeoForge","ftbultimine, neoforge, minecraft, architectury, ftblibrary, ftbezcrystals","FTB Ultimine","2101.1.14","FTB Team","","All Rights Reserved","All Rights Reserved","ARR - check terms","","https://go.ftb.team/support-mod-issues","","0","","","","False","","5ad3196e1aa68884065b1713d6754ff2f341059b","v0.0.1-Alpha","","","","","","","","","NotOnModrinth"
"ftbquestslangsplitter-1.0.5.jar","False","","NeoForge","ftbquestslangsplitter, neoforge, minecraft, ftbquests","FTB Quests Lang Splitter","1.0.5","Uncandango","","MIT","MIT","Permissive","","","","0","","","","False","","74652f1f845c7a31f12b50163164eba06beebbd7","v0.0.1-Alpha","","","","","","","","","NotOnModrinth"
"fusion-1.3.4-neoforge-mc1.21.1.jar","False","","NeoForge","fusion, neoforge, minecraft","Fusion","1.3.4","SuperMartijn642","","All rights reserved","All Rights Reserved","ARR - check terms","https://www.curseforge.com/minecraft/mc-mods/fusion-connected-textures","https://github.com/SuperMartijn642/Fusion/issues","","0","","","","False","","b1f9c6d9a25ed1c13ce22916e801ed693a72ff48","v0.0.1-Alpha","p19vrgc2","fusion-connected-textures","Fusion (Connected Textures)","LicenseRef-All-Rights-Reserved","","","ARR - check terms","https://modrinth.com/mod/fusion-connected-textures","Match"
"garnished-april-foods-26-neoforged.jar","False","","NeoForge","garnished, neoforge, minecraft, create","Create: Garnished","26-april-foods","DakotaPride","","MIT","MIT","Permissive","","","","0","","","","False","","d636d7e99a016184a9fba8fb408a135ff3e1e02b","v0.0.1-Alpha","6e2SlzR4","create-garnished","Create: Garnished","MIT","MIT License","","Permissive","https://modrinth.com/mod/create-garnished","Match"
"GatewaysToEternity-1.21.1-5.1.0.jar","False","","NeoForge","gateways, minecraft, neoforge, placebo, apothic_attributes","Gateways To Eternity","5.1.0","Shadows_of_Fire","","MIT License","MIT","Permissive","","","","0","","","","False","","594098a08a23474310ca51bbef6d997303757348","v0.0.1-Alpha","8OIeAukW","gateways-to-eternity","Gateways to Eternity","MIT","MIT License","","Permissive","https://modrinth.com/mod/gateways-to-eternity","Match"
"geckolib-neoforge-1.21.1-4.8.4.jar","False","","NeoForge","geckolib, neoforge, minecraft, geckoanimfix","GeckoLib 4","4.8.4","Gecko, Eliot, AzureDoom, DerToaster, Tslat, Witixin","Gecko, Eliot, AzureDoom, DerToaster, Tslat, Witixin","MIT","MIT","Permissive","http://geckolib.com/","https://github.com/bernie-g/geckolib/issues","LICENSE_GeckoLib 4","1","LICENSE_GeckoLib 4","","","False","","eb854c8ec53ef922a5f3877a1aa4c1ce1352e0ce","v0.0.1-Alpha","8BmcQJ2H","geckolib","Geckolib","MIT","MIT License","","Permissive","https://modrinth.com/mod/geckolib","Match"
"generatorgalore-1.21.1-1.6.3.jar","False","","NeoForge","generatorgalore, neoforge, minecraft","Generator Galore","1.21.1-1.6.3","LobsterJonn","","All Rights Reserved","All Rights Reserved","ARR - check terms","","","","0","","","","False","","31418972d718190c6f13d8a34f434b266af317e0","v0.0.1-Alpha","","","","","","","","","NotOnModrinth"
"getittogetherdrops-neoforge-1.21.5-1.4.jar","False","","NeoForge","getittogetherdrops, neoforge, minecraft","Get It Together, Drops!","${file.jarVersion}","bl4ckscor3","","MIT License https://github.com/bl4ckscor3/GetItTogetherDrops/blob/neoforge/1.21/LICENSE","MIT","Permissive","https://www.curseforge.com/minecraft/mc-mods/get-it-together-drops","https://github.com/bl4ckscor3/GetItTogetherDrops/issues","","0","","","","False","","ead940a50f69313802960c497e252acd3956334f","v0.0.1-Alpha","T0OUgf8P","get-it-together-drops","Get It Together, Drops!","MIT","MIT License","","Permissive","https://modrinth.com/mod/get-it-together-drops","Match"
"Glassential-renewed-1.21.1-3.4.4.jar","False","","NeoForge","glassential, neoforge, minecraft, fusion","Glassential-renewed","3.4.4","Big_Energy","","MIT","MIT","Permissive","https://www.curseforge.com/minecraft/mc-mods/glassential-renewed","https://github.com/bigenergy/glassential-renewed/issues","","0","","","","False","","11732168ab3fe461e885996fd5ba592c8b9a159f","v0.0.1-Alpha","kc9FSsYx","glassential-renewed","Glassential Renewed","MIT","MIT License","","Permissive","https://modrinth.com/mod/glassential-renewed","Match"
"GlitchCore-neoforge-1.21.1-2.1.0.2.jar","False","","NeoForge","glitchcore, neoforge","GlitchCore","2.1.0.2","Adubbz","","All Rights Reserved","All Rights Reserved","ARR - check terms","https://www.curseforge.com/minecraft/mc-mods/glitchcore","https://github.com/Glitchfiend/GlitchCore/issues","","0","","","","False","","e3d4bb80a06f619be989ab529d0cd4e33e076943","v0.0.1-Alpha","s3dmwKy5","glitchcore","GlitchCore","LicenseRef-All-Rights-Reserved","","","ARR - check terms","https://modrinth.com/mod/glitchcore","Match"
"Glodium-1.21-2.2-neoforge.jar","False","","NeoForge","glodium, neoforge, minecraft","Glodium","1.21-2.2-neoforge","GlodBlock","","MIT","MIT","Permissive","https://github.com/GlodBlock/Glodium","https://github.com/GlodBlock/Glodium/issues","","0","","","","False","","9f61a3162665ad0b37f6f268339ac98097af1a87","v0.0.1-Alpha","UhW5uCKw","glodium","Glodium","MIT","MIT License","","Permissive","https://modrinth.com/mod/glodium","Match"
"gravestone-neoforge-1.21.1-1.0.37.jar","False","","NeoForge","gravestone, neoforge, minecraft, jade","Gravestone Mod","1.21.1-1.0.37","Max Henkel","","All rights reserved","All Rights Reserved","ARR - check terms","https://www.curseforge.com/minecraft/mc-mods/gravestone-mod","https://github.com/henkelmax/gravestone/issues","","0","","","","False","","b2cc8077ff7184e3791af3edd4b5b894e62b127f","v0.0.1-Alpha","RYtXKJPr","gravestone-mod","GraveStone Mod","LicenseRef-All-Rights-Reserved","","","ARR - check terms","https://modrinth.com/mod/gravestone-mod","Match"
"GravitationalModulatingAdditionalUnit-1.21.1-6.4.jar","False","","NeoForge","gmut, minecraft, neoforge, mekanism","Gravitational Modulating Additional Unit","6.4","gisellevonbingen","","MIT","MIT","Permissive","https://www.curseforge.com/minecraft/mc-mods/gravitational-modulating-additional-unit","https://github.com/gisellevonbingen/Minecraft-GravitationalModulatingAdditionalUnit/issues","","0","","","","False","","244d8b57aa7d34e247f3dd09cacf647a9ba1cfab","v0.0.1-Alpha","","","","","","","","","NotOnModrinth"
"guideme-21.1.16.jar","False","","NeoForge","guideme, neoforge, minecraft","GuideME","21.1.16","shartte","","See GitHub repository for details","See GitHub repository for details","Custom - review manually","https://github.com/AppliedEnergistics/GuideME/","https://github.com/AppliedEnergistics/GuideME/issues","NOTICE; META-INF/LICENSE.txt; META-INF/NOTICE.txt","3","NOTICE","META-INF/LICENSE.txt; META-INF/NOTICE.txt","","False","","6c89cb18fd426a5dd851dd30ec72f02cb8bbcce7","v0.0.1-Alpha","Ck4E7v7R","guideme","GuideME","LicenseRef-Multiple-OSS-Licenses","","https://github.com/AppliedEnergistics/GuideME/blob/main/LICENSE.MD","Custom (LicenseRef)","https://modrinth.com/mod/guideme","ModrinthCustom"
"handcrafted-neoforge-1.21.1-4.0.3.jar","False","","NeoForge","handcrafted, neoforge, minecraft, resourcefullib","Handcrafted","4.0.3","Alex Nijjar, Kekie6","CodexAdrian, Facu, Marc-IceBlade, MsRandom, ThatGravyBoat","Terrarium Licence","Terrarium Licence","Custom - review manually","https://modrinth.com/mod/handcrafted","https://github.com/terrarium-earth/handcrafted/issues","","0","","","","False","","8ecd27f1d66f9b742cfae3c8ffa773765f574b52","v0.0.1-Alpha","pJmCFF0p","handcrafted","Handcrafted","LicenseRef-Terrarium-Licence","","https://github.com/terrarium-earth/Handcrafted/blob/1.19.2/LICENSE","Custom (LicenseRef)","https://modrinth.com/mod/handcrafted","ModrinthCustom"
"HellishTrials-neoforge-1.0.5.jar","False","","NeoForge","hellish_trials, neoforge, minecraft, architectury","Hellish Trials","1.0.5","Aureljz, Kaapre","","ARR","All Rights Reserved","ARR - check terms","","","","0","","","","False","","0c03bf04e99b3e8a310c9f5b6f3e7613e3b69528","v0.0.1-Alpha","Wws4qHxK","hellish-trials","Hellish Trials","LicenseRef-All-Rights-Reserved","","","ARR - check terms","https://modrinth.com/mod/hellish-trials","Match"
"HostileNeuralNetworks-1.21.1-6.4.2.jar","False","","NeoForge","hostilenetworks, minecraft, neoforge, placebo","Hostile Neural Networks","6.4.2","Shadows_of_Fire","","MIT License","MIT","Permissive","","","","0","","","","False","","4bb0067c3a7bf3126da8b235cf607b69ad059c0d","v0.0.1-Alpha","6bLUlbZn","hostile-neural-networks","Hostile Neural Networks","MIT","MIT License","","Permissive","https://modrinth.com/mod/hostile-neural-networks","Match"
"Icarus-NeoForge-4.7.6.jar","False","","NeoForge","icarus","Icarus","4.7.6","Cammie, Up","","https://github.com/CammiesCorner/Icarus/blob/HEAD/LICENSE.md","https://github.com/CammiesCorner/Icarus/blob/HEAD/LICENSE.md","Custom (URL)","https://curseforge.com/projects/428151","https://github.com/CammiesCorner/Icarus/issues","LICENSE_icarus.md","1","LICENSE_icarus.md","","","False","","ebccf24b5087748039bca5e1ce97c548d5d490aa","v0.0.1-Alpha","Dw7M6XKW","icarus","Icarus","LicenseRef-Custom","","https://github.com/Up-Mods/Icarus/blob/HEAD/LICENSE.md","Custom (LicenseRef)","https://modrinth.com/mod/icarus","ModrinthCustom"
"ice_and_fire_spellbooks-2.3.3-1.21.1.jar","False","","NeoForge","ice_and_fire_spellbooks, neoforge, minecraft, irons_spellbooks, iceandfire","Ice and Fire: Spellbooks","${file.jarVersion}","Ace The Eldritch King","Iron's Spells and Spellbooks for being so cool cool, Ice and Fire because I love dragons, and Duke Sjorn Paradox for the amazing textures for the Dragon Priest masks and staffs!","MIT","MIT","Permissive","","","","0","","","","False","","27e2828594e2c1140c65f682a72f8cadfb1f5a34","v0.0.1-Alpha","","","","","","","","","NotOnModrinth"
"iceandfire-2.0-beta.17.jar","False","","NeoForge","iceandfire, neoforge, minecraft, uranus, jupiter","Ice And Fire Community Edition","2.0-beta.17","IAFEnvoy, xiaowu, uoay","Alexthe666","LGPL-3.0","LGPL","Weak copyleft","","https://github.com/IAFEnvoy/IceAndFire-CE/issues","","0","","","","False","","a14c9ca16da7a108bb454000e560a0f8495ff0fe","v0.0.1-Alpha","VpmCsizY","iceandfire-ce","IceAndFire Community Edition","LGPL-3.0-or-later","GNU Lesser General Public License v3.0 or later","","Weak copyleft","https://modrinth.com/mod/iceandfire-ce","Match"
"Iceberg-1.21.1-neoforge-1.3.2.jar","False","","NeoForge","iceberg, neoforge, minecraft, advancementplaques, legendarytooltips, equipmentcompare, merchantmarkers, itemborders","Iceberg","1.3.2","Grend","","CC BY-NC-ND 4.0","CC BY-NC-ND","CC (no derivatives)","https://anthonyhilyard.com/","","","0","","","","False","","f6014d198be9503573cd9cb41cc789d282768ad8","v0.0.1-Alpha","5faXoLqX","iceberg","Iceberg","CC-BY-NC-ND-4.0","Creative Commons Attribution Non Commercial No Derivatives 4.0 International","","CC (no derivatives)","https://modrinth.com/mod/iceberg","Match"
"idas-1.13.7+1.21.1-neoforge.jar","False","","NeoForge","idas, minecraft, create, supplementaries, quark, integrated_api","Integrated Dungeons and Structures","1.13.7+1.21.1-neoforge","CraisinLord","Special thanks to TelpathicGrunt for thier structure tutorial and help with coding! And Bdubs, GoodTimesWithScar and Mythical Sausage for building inspirations!","All rights reserved","All Rights Reserved","ARR - check terms","https://www.curseforge.com/minecraft/mc-mods/idas","","","0","","","","False","","154f275823f5f949ed492ac6ce078a80fc3c759a","v0.0.1-Alpha","Z8OZShAU","idas"," Integrated Dungeons and Structures","LicenseRef-All-Rights-Reserved","","","ARR - check terms","https://modrinth.com/mod/idas","Match"
"ImmediatelyFast-NeoForge-1.6.10+1.21.1.jar","False","","NeoForge","immediatelyfast, neoforge, minecraft","ImmediatelyFast","1.6.10+1.21.1","RK_01","","LGPL-3.0","LGPL","Weak copyleft","","https://github.com/RaphiMC/ImmediatelyFast/issues","LICENSE_ImmediatelyFast","1","LICENSE_ImmediatelyFast","","","False","","f1f5cccd7cb59d875f44566b2e557ccecc8c33fb","v0.0.1-Alpha","5ZwdcRci","immediatelyfast","ImmediatelyFast","LGPL-3.0-or-later","GNU Lesser General Public License v3.0 or later","","Weak copyleft","https://modrinth.com/mod/immediatelyfast","Match"
"Immersive-Energistics-1.1.0-beta.jar","False","","NeoForge","immeng, neoforge, ae2, immersiveengineering","Immersive Energistics","1.1.0-beta","Technici4n","","LGPLv3","LGPL","Weak copyleft","https://github.com/AppliedEnergistics/Immersive-Energistics","https://github.com/AppliedEnergistics/Immersive-Energistics/issues","","0","","","","False","","05aac40c5c9570946db540fabbb702898ca294d4","v0.0.1-Alpha","ADAUe1vC","immersive-energistics","Immersive Energistics","LGPL-3.0-only","GNU Lesser General Public License v3.0 only","","Weak copyleft","https://modrinth.com/mod/immersive-energistics","Match"
"ImmersiveEngineering-1.21.1-12.4.2-194.jar","False","","NeoForge","immersiveengineering, neoforge, minecraft, jei","Immersive Engineering","12.4.2-194","BluSunrize and Damien A.W. Hazard","All the great other Git Contributors, and the nerds on IRC!","Blu's License of Common Sense","Blu's License of Common Sense","Custom - review manually","https://minecraft.curseforge.com/projects/immersive-engineering/","https://github.com/BluSunrize/ImmersiveEngineering/issues","","0","","","","False","","a4e90c2df8009040f6d022433c5d76635944dd59","v0.0.1-Alpha","tIm2nV03","immersiveengineering","Immersive Engineering","LicenseRef-Custom","","https://github.com/BluSunrize/ImmersiveEngineering/blob/1.16.5/LICENSE","Custom (LicenseRef)","https://modrinth.com/mod/immersiveengineering","ModrinthCustom"
"incontrol-1.21-10.2.6.jar","False","","NeoForge","incontrol, neoforge, lostcities","InControl","${file.jarVersion}","McJty","","MIT License https://github.com/McJtyMods/InControl/blob/1.21_neo/LICENSE","MIT","Permissive","http://github.com/McJtyMods/InControl/","http://github.com/McJtyMods/InControl/issues","","0","","","","False","","7671cdc14af14166e72eff07eab7e55d81b52a41","v0.0.1-Alpha","KpICtuVx","in-control","In Control!","MIT","MIT License","","Permissive","https://modrinth.com/mod/in-control","Match"
"industrial-foregoing-souls-1.21.1-1.10.7.jar","False","","NeoForge","industrialforegoingsouls, neoforge, minecraft, titanium, industrialforegoing","Industrial Foregoing Souls","1.10.7","Buuz135, Rid","","MIT","MIT","Permissive","","","","0","","","","False","","ff5def0fd52ac755103a4871aafcf0b80f5a1a51","v0.0.1-Alpha","R6YQjhwo","industrial-foregoing-souls","Industrial Foregoing: Souls","MIT","MIT License","","Permissive","https://modrinth.com/mod/industrial-foregoing-souls","Match"
"industrialforegoing-1.21-3.6.38.jar","False","","NeoForge","industrialforegoing, neoforge, minecraft, titanium, jei","Industrial Foregoing","1.21-3.6.38","Buuz135","","MIT","MIT","Permissive","","","","0","","","","False","","79019a59c8023f5883d7a6c2f2308c995f828aa3","v0.0.1-Alpha","lWxpUd04","industrial-foregoing","Industrial Foregoing","MIT","MIT License","","Permissive","https://modrinth.com/mod/industrial-foregoing","Match"
"industrialization_overdrive-1.12.1+1.21.1.jar","False","","NeoForge","industrialization_overdrive, neoforge, minecraft, modern_industrialization, tesseract_api","Industrialization Overdrive","1.12.1+1.21.1","White_Phantom","Big thanks to Swedz for his mods, TesseractAPI and Extended-Industrialization, wouldn't have been able to make this otherwise.","MIT","MIT","Permissive","","","","0","","","","False","","12b73c835e9cc4c4cf87d31d065d88648daa9793","v0.0.1-Alpha","","","","","","","","","NotOnModrinth"
"integrated_api-1.7.3+1.21.1-neoforge.jar","False","","NeoForge","integrated_api, minecraft, overlapless","Integrated API","1.7.3+1.21.1-neoforge","CraisinLord","Special thanks to TelpathicGrunt for thier structure tutorial! And Bdubs, GoodTimesWithScar and Mythical Sausage for building inspirations!","All rights reserved","All Rights Reserved","ARR - check terms","https://www.curseforge.com/minecraft/mc-mods/integrated_api","","","0","","","","False","","2f47b37951b2a4b6eb3c3dcd7eb9a819e0ca93a6","v0.0.1-Alpha","V6fKbpBN","integrated-api","Integrated API","AGPL-3.0-only","GNU Affero General Public License v3.0 only","","Strong copyleft","https://modrinth.com/mod/integrated-api","MISMATCH"
"integrated_cataclysm-1.0.6+1.21.1-neoforge.jar","False","","NeoForge","integrated_cataclysm, minecraft, integrated_api, create, supplementaries, quark, cataclysm","Integrated Cataclysm","1.0.6+1.21.1-neoforge","CraisinLord","Special thanks to TelpathicGrunt for thier structure tutorial and help with coding! And Bdubs, GoodTimesWithScar and Mythical Sausage for building inspirations!","All rights reserved","All Rights Reserved","ARR - check terms","https://www.curseforge.com/minecraft/mc-mods/integrated-cataclysm","","","0","","","","False","","d9490abb8c6c66c61eabd836ffb016d385fd2b75","v0.0.1-Alpha","ONbfwGTw","integrated-catalcysm","Integrated Catalcysm","LicenseRef-All-Rights-Reserved","","","ARR - check terms","https://modrinth.com/mod/integrated-catalcysm","Match"
"integratedcrafting-1.21.1-neoforge-1.4.6.jar","False","","NeoForge","integratedcrafting, cyclopscore, integrateddynamics, commoncapabilities, neoforge, minecraft","IntegratedCrafting","1.4.6","rubensworks (aka kroeser)","","MIT","MIT","Permissive","https://www.curseforge.com/minecraft/mc-mods/integrated-crafting","https://github.com/CyclopsMC/IntegratedCrafting/issues","","0","","","","False","","ce144145cb7774f29d53517cfc4031e47f26248f","v0.0.1-Alpha","qwpACdla","integrated-crafting"," Integrated Crafting","MIT","MIT License","","Permissive","https://modrinth.com/mod/integrated-crafting","Match"
"integrateddynamics-1.21.1-neoforge-1.33.3.jar","False","","NeoForge","integrateddynamics, cyclopscore, commoncapabilities, neoforge, minecraft, integrateddynamicscompat","IntegratedDynamics | IntegratedDynamics-Compat","1.33.3 | 1.0.0","rubensworks (aka kroeser)","","MIT","MIT","Permissive","https://www.curseforge.com/minecraft/mc-mods/integrated-dynamics | https://www.curseforge.com/minecraft/mc-mods/integrateddynamics","https://github.com/CyclopsMC/IntegratedDynamics/issues","LICENSE-netty.txt; LICENSE-re2j.txt","2","","","LICENSE-netty.txt; LICENSE-re2j.txt","False","","7194db0bb6ac17e7d9d16f8b3ade6ae86aea23a2","v0.0.1-Alpha","yYzdQHJI","integrated-dynamics","Integrated Dynamics","MIT","MIT License","","Permissive","https://modrinth.com/mod/integrated-dynamics","Match"
"integratedscripting-1.21.1-neoforge-1.0.23.jar","False","","NeoForge","integratedscripting, cyclopscore, commoncapabilities, integrateddynamics, neoforge, minecraft","IntegratedScripting","1.0.23","rubensworks (aka kroeser)","","MIT","MIT","Permissive","https://www.curseforge.com/minecraft/mc-mods/integrated-scripting","https://github.com/CyclopsMC/IntegratedScripting/issues","LICENSE-graal.txt","1","","","LICENSE-graal.txt","False","","6288f13c3c8db899c66d1d93e59ff72394c1ab8c","v0.0.1-Alpha","uDJkuFRe","integrated-scripting","Integrated Scripting","MIT","MIT License","","Permissive","https://modrinth.com/mod/integrated-scripting","Match"
"integratedterminals-1.21.1-neoforge-1.7.0.jar","False","","NeoForge","integratedterminals, cyclopscore, integrateddynamics, commoncapabilities, neoforge, minecraft, integratedterminalscompat","IntegratedTerminals | IntegratedTerminals-Compat","1.7.0 | 1.0.0","rubensworks (aka kroeser)","","MIT","MIT","Permissive","https://www.curseforge.com/minecraft/mc-mods/integrated-terminals","https://github.com/CyclopsMC/IntegratedTerminals/issues","","0","","","","False","","08e2c4bce70d8444a729f749e571ebe4074887c7","v0.0.1-Alpha","HmLJoQ1K","integrated-terminals","Integrated Terminals","MIT","MIT License","","Permissive","https://modrinth.com/mod/integrated-terminals","Match"
"integratedtunnels-1.21.1-neoforge-1.9.4-632.jar","False","","NeoForge","integratedtunnels, cyclopscore, integrateddynamics, commoncapabilities, neoforge, minecraft, integratedtunnelscompat","IntegratedTunnels | IntegratedTunnels-Compat","1.9.4 | ${file.jarVersion}","rubensworks (aka kroeser)","","MIT","MIT","Permissive","https://www.curseforge.com/minecraft/mc-mods/integrated-tunnels","https://github.com/CyclopsMC/IntegratedTunnels/issues","","0","","","","False","","ca6400ff1f7b49a3b9fc1b90ebfbaa92cebb970a","v0.0.1-Alpha","Etqy1Omb","integrated-tunnels","Integrated Tunnels","MIT","MIT License","","Permissive","https://modrinth.com/mod/integrated-tunnels","Match"
"interdimensionalwirelesstransmitter-neoforge-1.21.1-0.1.5.jar","False","","NeoForge","interdimensionalwirelesstransmitter, refinedstorage","Interdimensional Wireless Transmitter","1.21.1-0.1.5","Ultramega","","MIT","MIT","Permissive","https://www.curseforge.com/minecraft/mc-mods/interdimensional-wireless-transmitter","https://github.com/starforcraft/Interdimensional-Wireless-Transmitter/issues","","0","","","","False","","a276ff4472856fc1cd5fca1b94abbe401fd2ed05","v0.0.1-Alpha","nQR8XALE","interdimensional-wireless-transmitter","Interdimensional Wireless Transmitter","MIT","MIT License","","Permissive","https://modrinth.com/mod/interdimensional-wireless-transmitter","Match"
"interiors-1.21.1-neoforge-0.6.1.jar","False","","NeoForge","interiors, create","Create: Interiors","0.6.1","sudolev, rdh","","MIT","MIT","Permissive","https://www.curseforge.com/minecraft/mc-mods/interiors","https://github.com/aesefficio/CreateInteriorsMod/issues","","0","","","","False","","a558777ef4510da2f4d32ca3da6ac7384c9a9940","v0.0.1-Alpha","r4Knci2k","interiors","Create: Interiors","GPL-3.0-or-later","GNU General Public License v3.0 or later","","Strong copyleft","https://modrinth.com/mod/interiors","MISMATCH"
"invtweaks-1.21.1-1.2.0.jar","False","","NeoForge","invtweaks, neoforge, minecraft","Inventory Tweaks Refoxed","1.21.1-1.2.0","LobsterJonn (Current maintainer)","MutantGumdrop (Port to modern), Yuitakaa (Maintainer), StanleyMines (Contributor), Landmaster (Original Author), JimeoWan, Kobata for the original 1.12.2 mod","Apache License, Version 2.0","Apache-2.0","Permissive","https://www.curseforge.com/minecraft/mc-mods/inventory-tweaks-refoxed","https://github.com/JDKDigital/InvTweaksRefoxed/issues","","0","","","","False","","f81426b87be821aba41da4483895760cf6248710","v0.0.1-Alpha","uqnMI1kq","inventory-tweaks-refoxed","Inventory Tweaks: ReFoxed","Apache-2.0","Apache License 2.0","","Permissive","https://modrinth.com/mod/inventory-tweaks-refoxed","Match"
"iris-neoforge-1.8.14-beta.1+mc1.21.1.jar","False","","NeoForge","iris, minecraft, embeddium","Iris","1.8.14-beta.1+mc1.21.1","coderbot, IMS212","","LGPL-3.0-only","LGPL","Weak copyleft","","","","0","","","","False","","1bd129cf7bce65d6b1c0543045f0620c98a0f885","v0.0.1-Alpha","YL57xq9U","iris","Iris Shaders","LGPL-3.0-only","GNU Lesser General Public License v3.0 only","","Weak copyleft","https://modrinth.com/mod/iris","Match"
"ironfurnaces-neoforge-1.21.1-4.3.2.jar","False","","NeoForge","ironfurnaces, neoforge, minecraft","Iron Furnaces","4.3.2","Qelifern (pizzaatime), XenoMustache","","Apache License Version 2.0","Apache-2.0","Permissive","","","","0","","","","False","","9a40f949ec9794cdef79bdabb61a12a918613194","v0.0.1-Alpha","yPlaLxD1","iron-furnaces","Iron Furnaces","Apache-2.0","Apache License 2.0","","Permissive","https://modrinth.com/mod/iron-furnaces","Match"
"IronJetpacks-1.21.1-8.0.11.jar","False","","NeoForge","ironjetpacks, neoforge, minecraft, cucumber","Iron Jetpacks","8.0.11","BlakeBr0","Tonius, Tomson124","MIT","MIT","Permissive","https://blakesmods.com/iron-jetpacks","https://github.com/BlakeBr0/IronJetpacks/issues","","0","","","","False","","96bdaf7fa57b73a3c157edfc5d1afbfc2e23a65d","v0.0.1-Alpha","DWIEOniQ","iron-jetpacks","Iron Jetpacks","MIT","MIT License","","Permissive","https://modrinth.com/mod/iron-jetpacks","Match"
"irons_jewelry-1.21.1-2.0.1.jar","False","","NeoForge","irons_jewelry, neoforge, minecraft, curios, atlas_api, irons_lib","Iron's Gems 'n Jewelry","1.21.1-2.0.1","Iron431","","All Rights Reserved","All Rights Reserved","ARR - check terms","","","","0","","","","False","","0b21f0535bcf9a1097cb634c5800b360f536e577","v0.0.1-Alpha","","","","","","","","","NotOnModrinth"
"irons_lib-1.21.1-1.1.0.jar","False","","NeoForge","irons_lib, neoforge, minecraft, geckolib, irons_patreon_lib","Iron's Lib","1.21.1-1.1.0","","","All Rights Reserved","All Rights Reserved","ARR - check terms","","","","0","","","","False","","8c275a6292f428fcf10f5bdcbb3df5a88ff0becc","v0.0.1-Alpha","9nfaJPtX","irons-lib","Iron's Lib","LicenseRef-All-Rights-Reserved","","","ARR - check terms","https://modrinth.com/mod/irons-lib","Match"
"irons_spellbooks-1.21.1-3.16.1.jar","False","","NeoForge","irons_spellbooks, neoforge, minecraft, geckolib, playeranimator, curios, irons_lib","Iron's Spells 'n Spellbooks","1.21.1-3.16.1","Iron431, Lab3","Crispytwig: Ring textures, Scroll textures, Arcane Cloth texture
  Crydigo: Ink, Spellbook, Mithril, Hogskin, and Dragonskin textures; Priest Armor and Dead King models
  Hazentouvel: Ice Spider Texture/Model
  Cakeman: Spellbook models
  RenovatedStudios: Various spell icons
  Caner Crebes: Music (Flame Still Burns, King's Lullaby, Whispers of Ice, Tyros Bossfight, Dead King Bossfight) 
  Amo: Spellbook Apotheosis compat
  Some assets remixed from J. W. Bjerk (eleazzaar)'s Painterly Spell Icon Packs -- www.jwbjerk.com/art  -- find this and other open art at: http://opengameart.org.","All Rights Reserved","All Rights Reserved","ARR - check terms","https://www.curseforge.com/minecraft/mc-mods/irons-spells-n-spellbooks","https://github.com/iron431/Irons-Spells-n-Spellbooks/issues","","0","","","","False","","9e6d200ebab6e4d321864655764870d878174a8f","v0.0.1-Alpha","s4OWxYQQ","irons-spells-n-spellbooks","Iron's Spells 'n Spellbooks","LicenseRef-All-Rights-Reserved","","https://github.com/iron431/Irons-Spells-n-Spellbooks#readme","ARR - check terms","https://modrinth.com/mod/irons-spells-n-spellbooks","Match"
"ItemBorders-1.21-neoforge-1.2.5.jar","False","","NeoForge","itemborders, neoforge, minecraft, iceberg, prism, legendarytooltips","Item Borders","1.2.5","Grend","","CC BY-NC-ND 4.0","CC BY-NC-ND","CC (no derivatives)","https://anthonyhilyard.com/","","","0","","","","False","","b5ae56007c0bbb86b9a05f9f12b522ed485d7884","v0.0.1-Alpha","b1fMg6sH","item-borders","Item Borders","CC-BY-NC-ND-4.0","Creative Commons Attribution Non Commercial No Derivatives 4.0 International","","CC (no derivatives)","https://modrinth.com/mod/item-borders","Match"
"Jade-1.21.1-NeoForge-15.10.5.jar","False","","NeoForge","jade, neoforge","Jade","${file.jarVersion}","Snownee","TehNut, ProfMobius, kalkafox","CC-BY-NC-SA-4.0","CC BY-NC-SA","CC (non-commercial)","https://www.curseforge.com/minecraft/mc-mods/jade","","","0","","","","False","","d5bf134b3dbde9f5258666823900e21341dc0a50","v0.0.1-Alpha","nvQzSEkH","jade","Jade 🔍","CC-BY-NC-SA-4.0","Creative Commons Attribution Non Commercial Share Alike 4.0 International","","CC (non-commercial)","https://modrinth.com/mod/jade","Match"
"jearchaeology-1.21.0-1.1.5.jar","False","","NeoForge","jearchaeology, neoforge, minecraft, jei, emi","Just Enough Archaeology","1.21.0-1.1.5","LobsterJonn","","All Rights Reserved","All Rights Reserved","ARR - check terms","","","","0","","","","False","","db6532fc1630450bac0a4d38ce87feb97696b88f","v0.0.1-Alpha","K0LQpdmm","just-enough-archaeology","Just Enough Archaeology","LicenseRef-All-Rights-Reserved","","","ARR - check terms","https://modrinth.com/mod/just-enough-archaeology","Match"
"jeed-1.21-2.3.2.jar","False","","NeoForge","jeed, neoforge, minecraft","Just Enough Effects Descriptions","1.21-2.3.2","MehVahdJukaar","MehVahdJukaar, Plantkillable","GLP3","GLP3","Custom - review manually","","https://github.com/MehVahdJukaar/JustEnoughEffectDescriptions/issues","","0","","","","False","","144ffaf459b58db14614a7e1ef3425c2594e30b6","v0.0.1-Alpha","EO27GKs1","just-enough-effect-descriptions-jeed","Just Enough Effect Descriptions (JEED)","LicenseRef-All-Rights-Reserved","","","ARR - check terms","https://modrinth.com/mod/just-enough-effect-descriptions-jeed","MISMATCH"
"jei-1.21.1-neoforge-19.27.0.346.jar","False","","NeoForge","jei, neoforge, minecraft","Just Enough Items","19.27.0.346","mezz","","The MIT License (MIT)","MIT","Permissive","https://www.curseforge.com/minecraft/mc-mods/jei","https://github.com/mezz/JustEnoughItems/issues?q=is%3Aissue","","0","","","","False","","c9b7e1b94121fed6617b72456d4cc1ba18c17f11","v0.0.1-Alpha","u6dRKJwZ","jei","Just Enough Items (JEI)","MIT","MIT License","","Permissive","https://modrinth.com/mod/jei","Match"
"jupiter-2.3.7-1.21.1-neoforge.jar","False","","NeoForge","jupiter, neoforge, minecraft","Jupiter","2.3.7","IAFEnvoy","","LGPL-3.0","LGPL","Weak copyleft","","https://github.com/IAFEnvoy/Jupiter/issues","","0","","","","False","","569fb484ea5c8e8d690945ad4cd132131a719751","v0.0.1-Alpha","XbiLGMMU","jupiter","Jupiter","LGPL-3.0-or-later","GNU Lesser General Public License v3.0 or later","","Weak copyleft","https://modrinth.com/mod/jupiter","Match"
"justenoughbreeding-neoforge-1.21.1-3.1.0.jar","False","","NeoForge","justenoughbreeding, neoforge, minecraft","Just Enough Breeding","3.1.0","Christofmeg","","The MIT License (MIT)","MIT","Permissive","https://github.com/Christofmeg/JustEnoughBreeding","https://github.com/Christofmeg/JustEnoughBreeding/issues","","0","","","","False","","e8d4564ea93a3d6c2004e7bf1501b754af377f87","v0.0.1-Alpha","9Pk89J3g","justenoughbreeding","Just Enough Breeding (JEBr)","MIT","MIT License","","Permissive","https://modrinth.com/mod/justenoughbreeding","Match"
"JustEnoughProfessions-neoforge-1.21.1-4.0.5.jar","False","","NeoForge","justenoughprofessions, jei, neoforge, minecraft","Just Enough Professions (JEP)","${file.jarVersion}","Mrbysco, ShyNieke","","MIT","MIT","Permissive","https://www.curseforge.com/minecraft/mc-mods/just-enough-professions-jep","https://github.com/Mrbysco/JustEnoughProfessions/issues","LICENSE_JustEnoughProfessions","1","LICENSE_JustEnoughProfessions","","","False","","b97a7420738c2ac020ad15e8f6ac472aad288af2","v0.0.1-Alpha","kB56GtWA","just-enough-professions-jep","Just Enough Professions (JEP)","MIT","MIT License","","Permissive","https://modrinth.com/mod/just-enough-professions-jep","Match"
"JustEnoughResources-NeoForge-1.21.1-1.6.0.17.jar","False","","NeoForge","jeresources, jei","Just Enough Resources","1.6.0.17","way2muchnoise","","'Don't Be a Jerk' non-commercial care-free license","CC BY-NC","CC (non-commercial)","https://www.curseforge.com/minecraft/mc-mods/just-enough-resources-jer","https://github.com/way2muchnoise/JustEnoughResources/issues","","0","","","","False","","e739d69b2de31ca8c0cb4691ab08e823f153bc44","v0.0.1-Alpha","uEfK2CXF","just-enough-resources-jer","Just Enough Resources (JER)","LicenseRef-Dont-Be-a-Jerk","","https://github.com/way2muchnoise/JustEnoughResources/blob/master/LICENSE.md","Custom (LicenseRef)","https://modrinth.com/mod/just-enough-resources-jer","ModrinthCustom"
"justzoom_neoforge_2.1.0_MC_1.21.1.jar","False","","NeoForge","justzoom, konkrete, neoforge, minecraft","Just Zoom","2.1.0","Keksuccino","","DSMSLv3 (DON'T SNATCH MA STUFF LICENSE v3)","DSMSLv3 (DON'T SNATCH MA STUFF LICENSE v3)","Custom - review manually","","","","0","","","","False","","328da50972fa693b8e6f337d4a9560d4a6170ac3","v0.0.1-Alpha","iAiqcykM","just-zoom","Just Zoom","LicenseRef-DSMSLv2","","https://github.com/Keksuccino/JustZoom/blob/main/LICENSE.md","Custom (LicenseRef)","https://modrinth.com/mod/just-zoom","ModrinthCustom"
"keybindbundles-1.3.1.jar","False","","NeoForge","keybindbundles, neoforge, minecraft","KeyBind Bundles","1.3.1","Matyrobbrt","","MIT","MIT","Permissive","","","","0","","","","False","","f79e5ec268c784ef8eb0e3756602da7ea0ca1c3c","v0.0.1-Alpha","qs2zRREk","keybind-bundles","KeyBind Bundles","MIT","MIT License","","Permissive","https://modrinth.com/mod/keybind-bundles","Match"
"KeybindsPurger-1.4.0-neoforge-1.21.1.jar","False","","NeoForge","keybindspurger","KeybindsPurger","1.4.0","ZedDevStuff","","MIT","MIT","Permissive","https://modrinth.com/mod/keybindspurger","https://github.com/ZedDevStuff/KeybindsPurger/issues","","0","","","","False","","8e1baa9ab8aa4b2efaefd39df54b241bd64533df","v0.0.1-Alpha","iaH7LvLy","keybindspurger","KeybindsPurger","MIT","MIT License","https://github.com/ZedDevStuff/KeybindsPurger/blob/1.20.1/LICENSE","Permissive","https://modrinth.com/mod/keybindspurger","Match"
"konkrete_neoforge_1.9.9_MC_1.21.jar","False","","NeoForge","konkrete, neoforge, minecraft","Konkrete","1.9.9","Keksuccino","","Apache-2.0","Apache-2.0","Permissive","","","","0","","","","False","","97771eb287d5ac7fe667d1df9493d5e54c8ca1fa","v0.0.1-Alpha","J81TRJWm","konkrete","Konkrete","Apache-2.0","Apache License 2.0","","Permissive","https://modrinth.com/mod/konkrete","Match"
"kotlinforforge-5.11.0-all.jar","False","","Unknown / not a mod","","","","","","","UNDECLARED","Unknown","","","","0","","","","False","","4d83e8a8e8cb06b306d2cea1e903680fe513f1f3","v0.0.1-Alpha","ordsPcFz","kotlin-for-forge","Kotlin for Forge","LGPL-2.1-only","GNU Lesser General Public License v2.1 only","","Weak copyleft","https://modrinth.com/mod/kotlin-for-forge","JarUndeclared"
"kubejs-create-neoforge-2101.3.1-build.18.jar","False","","NeoForge","kubejs_create, kubejs, create","KubeJS Create","2101.3.1-build.18","latvian.dev","","MIT","MIT","Permissive","https://kubejs.com","https://kubejs.com/support?source=kubejs_create&mc=2101&loader=neoforge","","0","","","","False","","f54d9ff53909771d27e4d9d135c3707cd5d5f855","v0.0.1-Alpha","T38eAZQC","kubejs-create","KubeJS Create","LGPL-3.0-only","GNU Lesser General Public License v3.0 only","","Weak copyleft","https://modrinth.com/mod/kubejs-create","MISMATCH"
"kubejs-neoforge-2101.7.2-build.368.jar","False","","NeoForge","kubejs, neoforge, rhino, jei, roughlyenoughitems, emi, betteradvancedtooltips","KubeJS","2101.7.2-build.368","latvian.dev","","GNU LGPLv3","LGPL","Weak copyleft","https://kubejs.com","https://kubejs.com/support?source=kubejs&mc=2101&loader=neoforge","","0","","","","False","","edf131afd474151afe076ea975ce5fec5a206ad8","v0.0.1-Alpha","umyGl7zF","kubejs","KubeJS","LGPL-3.0-only","GNU Lesser General Public License v3.0 only","","Weak copyleft","https://modrinth.com/mod/kubejs","Match"
"kubejsadditions-neoforge-1.21.1-6.0.0.jar","False","","NeoForge","kubejsadditions, neoforge, kubejs, jei, jade","KubeJS Additions","1.21.1-6.0.0","ILIKEPIEFOO2","","All Rights Reserved","All Rights Reserved","ARR - check terms","https://legacy.curseforge.com/minecraft/mc-mods/kubejs-additions","https://github.com/Hunter19823/kubejsadditions/issues","","0","","","","False","","a7b90a34b8a56d187fbd957d4353fa80f93a3553","v0.0.1-Alpha","BZemjxZb","kubejs-additions","KubeJS Additions","MIT","MIT License","","Permissive","https://modrinth.com/mod/kubejs-additions","MISMATCH"
"kubejstweaks-1.0.6.jar","False","","NeoForge","kubejstweaks, neoforge, minecraft, alltheleaks, kubejs","KubeJS Tweaks","1.0.6","Uncandango","Uncandango","MIT","MIT","Permissive","","","","0","","","","False","","6548ec47aa6b0498c3018cde40d9d0a203b67446","v0.0.1-Alpha","","","","","","","","","NotOnModrinth"
"L_Ender's Cataclysm 1.21.1-3.31-optimaztion2.jar","False","","NeoForge","cataclysm, neoforge, minecraft, curios, lionfishapi","L_Ender's Cataclysm 1.21.1","3.31-optimaztion2","L_Ender","","All assets of The Cataclysm are unlicensed and all rights are reserved to them by MCL_Ender. The source code LGPL v3.0 license","All assets of The Cataclysm are unlicensed and all rights are reserved to them by MCL_Ender. The source code LGPL v3.0 license","Split / multiple - review","","","","0","","","","False","","83db2c85b8b7eca901e164cd229c455ae2dc778b","v0.0.1-Alpha","46KJle7n","l_enders-cataclysm","L_Ender's Cataclysm","CC-BY-NC-ND-4.0","Creative Commons Attribution Non Commercial No Derivatives 4.0 International","","CC (no derivatives)","https://modrinth.com/mod/l_enders-cataclysm","MISMATCH"
"laserbridges-1.21.1-neoforge-5.3.jar","False","","NeoForge","laserbridges, neoforge, minecraft, deimos","Laser Bridges & Doors","5.3","Mars","","MIT","MIT","Permissive","https://www.curseforge.com/minecraft/mc-mods/laser-bridges-doors","","","0","","","","False","","7948963864bce55a574d7c254c39760e9653bcc0","v0.0.1-Alpha","wz31BboV","laser-bridges-and-doors","Laser Bridges & Doors","MIT","MIT License","","Permissive","https://modrinth.com/mod/laser-bridges-and-doors","Match"
"laserio-1.9.11.jar","False","","NeoForge","laserio, neoforge, minecraft, mekanism","LaserIO","1.9.11","Direwolf20, ErrorMikey","Direwolf20, ErrorMikey, CPW and the entire neoforge team.","MIT (https://github.com/Direwolf20-MC/LaserIO/blob/main/LICENSE.txt)","MIT","Permissive","https://github.com/Direwolf20-MC/LaserIO","https://github.com/Direwolf20-MC/LaserIO/issues","","0","","","","False","","0545bff65926346c9663fe3c397029561a87400f","v0.0.1-Alpha","","","","","","","","","NotOnModrinth"
"legendary_monsters-2.1.18 MC 1.21.1.jar","False","","NeoForge","legendary_monsters, neoforge, minecraft","legendary_monsters","1.21.1","${mod_authors}","","${mod_license}","${mod_license}","Custom - review manually","","","","0","","","","False","","19400f432e9aee57faf902866b40bea0c710de4c","v0.0.1-Alpha","9d9Bkqva","legendary-monsters","Legendary Monsters","LicenseRef-All-Rights-Reserved","","","ARR - check terms","https://modrinth.com/mod/legendary-monsters","MISMATCH"
"LegendaryTooltips-1.21.1-neoforge-1.5.5.jar","False","","NeoForge","legendarytooltips, neoforge, minecraft, iceberg, prism, equipmentcompare","Legendary Tooltips","1.5.5","Grend","","CC BY-NC-ND 4.0","CC BY-NC-ND","CC (no derivatives)","https://anthonyhilyard.com/","","","0","","","","False","","e7d3b66f3afe115c709749739f26f807ca8e827b","v0.0.1-Alpha","atHH8NyV","legendary-tooltips","Legendary Tooltips","CC-BY-NC-ND-4.0","Creative Commons Attribution Non Commercial No Derivatives 4.0 International","","CC (no derivatives)","https://modrinth.com/mod/legendary-tooltips","Match"
"letmedespawn-1.21.x-neoforge-1.5.0.jar","False","","NeoForge","letmedespawn, neoforge, minecraft, almanac","Let Me Despawn","1.5.0","frikinjay","","GNU LGPL 3.0","LGPL","Weak copyleft","","https://github.com/frikinjay/let-me-despawn/issues","","0","","","","False","","576fe2edaa96e7e71015287457bd52f87646d968","v0.0.1-Alpha","vE2FN5qn","lmd","Let Me Despawn","LGPL-3.0-only","GNU Lesser General Public License v3.0 only","","Weak copyleft","https://modrinth.com/mod/lmd","Match"
"lionfishapi-3.0.jar","False","","NeoForge","lionfishapi, neoforge, minecraft","lionfishapi","3.0","L_Ender","","LGPL","LGPL","Weak copyleft","","","","0","","","","False","","934336ca431f40be60c98ea4efb9512e3abd83a8","v0.0.1-Alpha","FoVacERa","lionfish-api","Lionfish-API","LGPL-3.0-only","GNU Lesser General Public License v3.0 only","","Weak copyleft","https://modrinth.com/mod/lionfish-api","Match"
"lithostitched-1.7.12-neoforge-21.1.jar","False","","NeoForge","lithostitched","Lithostitched","1.7.12","Apollo","","MIT","MIT","Permissive","","","","0","","","","False","","a9eb610624bd782bba17647d293abcb0507e7b2d","v0.0.1-Alpha","XaDC71GB","lithostitched","Lithostitched","MIT","MIT License","","Permissive","https://modrinth.com/mod/lithostitched","Match"
"little-big-redstone-1.9.2-1.21.1.jar","False","","NeoForge","little_big_redstone, neoforge, tesseract_api, emi, jei, guideme","Little Big Redstone","1.9.2-1.21.1","Swedz","","MIT","MIT","Permissive","https://github.com/Swedz/Little-Big-Redstone","https://github.com/Swedz/Little-Big-Redstone/issues","LICENSE","1","LICENSE","","","False","","9e484e69f150d171a81da9979200984af6f52f75","v0.0.1-Alpha","cdz2XZgU","little-big-redstone","Little Big Redstone","MIT","MIT License","","Permissive","https://modrinth.com/mod/little-big-redstone","Match"
"livingthings-neoforge-1.21.1-2.3.0.jar","False","","NeoForge","livingthings, neoforge, minecraft","Living Things","1.21.1-2.3.0","Buecher_wurm","","CC BY-NC-ND 4.0","CC BY-NC-ND","CC (no derivatives)","https://github.com/tristankechlo/LivingThings","","LICENSE","1","LICENSE","","","False","","b5a54f8fd82c5e34558f3034e6c1fa00d3a3284c","v0.0.1-Alpha","UKDLi1GJ","living-things","Living Things","CC-BY-NC-ND-4.0","Creative Commons Attribution Non Commercial No Derivatives 4.0 International","","CC (no derivatives)","https://modrinth.com/mod/living-things","Match"
"lmft-1.1.1+1.21.9-neoforge.jar","False","","NeoForge","lmft, neoforge, minecraft","Load My F***ing Tags","1.1.1+1.21.9","Blodhgarm","","CC0-1.0","CC0","Permissive","","","","0","","","","False","","492d597ca216f9d099be112e77a9a5c7ed138770","v0.0.1-Alpha","67kVxsaO","lmft","Load My F***ing Tags","CC0-1.0","Creative Commons Zero v1.0 Universal","","Permissive","https://modrinth.com/mod/lmft","Match"
"lootjs-neoforge-1.21.1-3.7.0.jar","False","","NeoForge","lootjs, neoforge, minecraft, kubejs","LootJS","1.21.1-3.7.0","AlmostReliable","","GNU Lesser General Public License v3.0","LGPL","Weak copyleft","","https://github.com/AlmostReliable/lootjs/issues","","0","","","","False","","54ffddd1763ae4af84e9bbcb22e4081a1e7f3556","v0.0.1-Alpha","fJFETWDN","lootjs","LootJS: KubeJS Addon","LGPL-3.0-only","GNU Lesser General Public License v3.0 only","","Weak copyleft","https://modrinth.com/mod/lootjs","Match"
"lootr-neoforge-1.21.1-1.11.37.121.jar","False","","NeoForge","lootr, minecraft, neoforge","Lootr","1.21.1-1.11.37.121","Noobanidus","","https://github.com/noobanidus/Lootr/blob/1.16/LICENSE","https://github.com/noobanidus/Lootr/blob/1.16/LICENSE","Custom (URL)","https://minecraft.curseforge.com/projects/lootr","https://github.com/noobanidus/Lootr/issues","","0","","","","False","","88c574c084ea00ddbda6a8c3ea29f1ec700e5fe2","v0.0.1-Alpha","EltpO5cN","lootr","Lootr","MIT","MIT License","","Permissive","https://modrinth.com/mod/lootr","MISMATCH"
"luminax-1.3.1_neoforge_1.21.1.jar","False","","NeoForge","luminax, neoforge, minecraft","Luminax","1.3.1","Satherov","","LGPLv3","LGPL","Weak copyleft","","","","0","","","","False","","8ec996b9783d05d4c107a3ea727ff9c7d52ce452","v0.0.1-Alpha","v8pgbyzm","luminax","Luminax","LGPL-3.0-or-later","GNU Lesser General Public License v3.0 or later","","Weak copyleft","https://modrinth.com/mod/luminax","Match"
"MagnumTorch-v21.1.1-1.21.1-NeoForge.jar","False","","NeoForge","magnumtorch, neoforge, minecraft, puzzleslib","Magnum Torch","21.1.1","Fuzs","","MPL-2.0","MPL-2.0","Weak copyleft","https://github.com/Fuzss/magnumtorch","https://github.com/Fuzss/magnumtorch/issues","LICENSE-ASSETS.md; LICENSE.md","2","LICENSE.md","LICENSE-ASSETS.md","","True","","e507e0c5c0008d541da9f1f64842446c4ecb9d1f","v0.0.1-Alpha","jorDmSKv","magnum-torch","Magnum Torch","MPL-2.0","Mozilla Public License 2.0","","Weak copyleft","https://modrinth.com/mod/magnum-torch","Match"
"mahoutsukai-1.21.1-v1.36.8.jar","False","","NeoForge","mahoutsukai","Mahou Tsukai","1.21.1-v1.36.8","stepsword","","All Rights Reserved","All Rights Reserved","ARR - check terms","","","","0","","","","False","","bd5846a9b5321d904bf21a0b1ed19c11a31e8bdd","v0.0.1-Alpha","7jOxn6qJ","mahou-tsukai","Mahou Tsukai","LicenseRef-All-Rights-Reserved","","","ARR - check terms","https://modrinth.com/mod/mahou-tsukai","Match"
"mcjtylib-1.21-9.0.21.jar","False","","NeoForge","mcjtylib, neoforge","McJtyLib","${file.jarVersion}","McJty","","MIT License https://github.com/McJtyMods/McJtyLib/blob/1.21_neo/LICENSE","MIT","Permissive","http://github.com/McJtyMods/McJtyLib/","http://github.com/McJtyMods/McJtyLib/issues","","0","","","","False","","ae0cadbb2c3f4fabc955e627f8bbefa281aa5d3f","v0.0.1-Alpha","1Zu0uTEE","mcjtylib","McJtyLib","MIT","MIT License","","Permissive","https://modrinth.com/mod/mcjtylib","Match"
"mcw-bridges-3.1.2-mc1.21.1neoforge.jar","False","","NeoForge","mcwbridges","Macaw's Bridges","3.1.2","Sketch Macaw & Peachy Macaw","","All Rights Reserved","All Rights Reserved","ARR - check terms","https://www.curseforge.com/minecraft/mc-mods/macaws-bridges","","","0","","","","False","","71ece28129789a2123cf07e79938f488d8675bb2","v0.0.1-Alpha","GURcjz8O","macaws-bridges","Macaw's Bridges","LicenseRef-All-Rights-Reserved","","","ARR - check terms","https://modrinth.com/mod/macaws-bridges","Match"
"mcw-doors-1.1.5-mc1.21.1neoforge.jar","False","","NeoForge","mcwdoors","Macaw's Doors","1.1.5","Sketch Macaw & Sketch Peachy","","MIT","MIT","Permissive","https://www.curseforge.com/minecraft/mc-mods/macaws-doors","","","0","","","","False","","c127904f23db1a641dd9e065ec51c5c177cb4cd7","v0.0.1-Alpha","kNxa8z3e","macaws-doors","Macaw's Doors","MIT","MIT License","","Permissive","https://modrinth.com/mod/macaws-doors","Match"
"mcw-furniture-3.4.1-mc1.21.1neoforge.jar","False","","NeoForge","mcwfurnitures","Macaw's Furniture","3.4.1","Sketch Macaw","","All Rights Reserved","All Rights Reserved","ARR - check terms","https://www.curseforge.com/minecraft/mc-mods/macaws-furniture","","","0","","","","False","","3dccc819f14bcc60b3683edd82ca8c5e64964229","v0.0.1-Alpha","dtWC90iB","macaws-furniture","Macaw's Furniture","LicenseRef-All-Rights-Reserved","","","ARR - check terms","https://modrinth.com/mod/macaws-furniture","Match"
"mcw-holidays-1.1.2-mc1.21.1neoforge.jar","False","","NeoForge","mcwholidays","Macaw's Holidays","1.1.2","Sketch Macaw & Peachy Macaw","","All Rights Reserved","All Rights Reserved","ARR - check terms","https://www.curseforge.com/minecraft/mc-mods/macaws-holidays","","","0","","","","False","","fbe2d2239fdab916120357ca3c45f582ca34f71d","v0.0.1-Alpha","rH20L2Lp","macaws-holidays","Macaw's Holidays","LicenseRef-All-Rights-Reserved","","","ARR - check terms","https://modrinth.com/mod/macaws-holidays","Match"
"mcw-lights-1.1.5-mc1.21.1neoforge.jar","False","","NeoForge","mcwlights","Macaw's Lights and Lamps","1.1.5","Sketch Macaw & Peachy Macaw","","All Rights Reserved","All Rights Reserved","ARR - check terms","https://www.curseforge.com/minecraft/mc-mods/macaws-lights-and-lamps","","","0","","","","False","","13c1107caf26b2c60d8626b3658b26cc7f634b38","v0.0.1-Alpha","w4an97C2","macaws-lights-and-lamps","Macaw's Lights and Lamps","LicenseRef-All-Rights-Reserved","","","ARR - check terms","https://modrinth.com/mod/macaws-lights-and-lamps","Match"
"mcw-mcwfences-1.2.1-mc1.21.1neoforge.jar","False","","NeoForge","mcwfences","Macaw's Fences and Walls","1.2.1","Sketch Macaw & Peachy Macaw","","MIT","MIT","Permissive","https://www.curseforge.com/minecraft/mc-mods/macaws-fences-and-walls","","","0","","","","False","","b5580c3fc521ed8bf4db3e407bd590efc317f74d","v0.0.1-Alpha","GmwLse2I","macaws-fences-and-walls","Macaw's Fences and Walls","MIT","MIT License","","Permissive","https://modrinth.com/mod/macaws-fences-and-walls","Match"
"mcw-mcwpaths-1.1.1-mc1.21.1neoforge.jar","False","","NeoForge","mcwpaths","Macaw's Paths and Pavings","1.1.1","Sketch Macaw & Peachy Macaw","","MIT","MIT","Permissive","https://www.curseforge.com/minecraft/mc-mods/macaws-paths-and-pavings","","","0","","","","False","","4bb7e1d28eef19f87438881b0f582a15297b95ae","v0.0.1-Alpha","VRLhWB91","macaws-paths-and-pavings","Macaw's Paths and Pavings","MIT","MIT License","","Permissive","https://modrinth.com/mod/macaws-paths-and-pavings","Match"
"mcw-mcwstairs-1.0.2-mc1.21.1neoforge.jar","False","","NeoForge","mcwstairs","Macaw's Stairs and Balconies","1.0.2","Sketch Macaw & Sketch Peachy","","All Rights Reserved","All Rights Reserved","ARR - check terms","https://www.curseforge.com/minecraft/mc-mods/macaws-stairs","","","0","","","","False","","1ee43d693c821efc955a74e551f94372af90a140","v0.0.1-Alpha","iP3wH1ha","macaws-stairs","Macaw's Stairs","LicenseRef-All-Rights-Reserved","","","ARR - check terms","https://modrinth.com/mod/macaws-stairs","Match"
"mcw-mcwwindows-2.4.2-mc1.21.1neoforge.jar","False","","NeoForge","mcwwindows","Macaw's Windows","2.4.2","Sketch Macaw & Peachy Macaw","","All Rights Reserved","All Rights Reserved","ARR - check terms","https://www.curseforge.com/minecraft/mc-mods/macaws-windows","","","0","","","","False","","eb1d3c118acb450cc2fe14c2ce7ce247a1bca60c","v0.0.1-Alpha","C7I0BCni","macaws-windows","Macaw's Windows","LicenseRef-All-Rights-Reserved","","","ARR - check terms","https://modrinth.com/mod/macaws-windows","Match"
"mcw-paintings-1.1.0-mc1.21.1neoforge.jar","False","","NeoForge","mcwpaintings","Macaw's Paintings","1.1.0","Art made by Peachy, coded by Sketch Macaw","","All Rights Reserved","All Rights Reserved","ARR - check terms","https://www.curseforge.com/minecraft/mc-mods/macaws-paintings","","","0","","","","False","","7e637b44624da6a3b7cd6cfd26324c3f116d4da6","v0.0.1-Alpha","okE6QVAY","macaws-paintings","Macaw's Paintings","LicenseRef-All-Rights-Reserved","","","ARR - check terms","https://modrinth.com/mod/macaws-paintings","Match"
"mcw-roofs-2.3.2-mc1.21.1neoforge.jar","False","","NeoForge","mcwroofs","Macaw's Roofs","2.3.2","Sketch Macaw & Sketch Peachy","","All Rights Reserved","All Rights Reserved","ARR - check terms","https://www.curseforge.com/minecraft/mc-mods/macaws-roofs","","","0","","","","False","","05806ff152fab56f7c1b4b215d772ea73611283d","v0.0.1-Alpha","B8jaH3P1","macaws-roofs","Macaw's Roofs","LicenseRef-All-Rights-Reserved","","","ARR - check terms","https://modrinth.com/mod/macaws-roofs","Match"
"mcw-trapdoors-1.1.5-mc1.21.1neoforge.jar","False","","NeoForge","mcwtrpdoors","Macaw's Trapdoors","1.1.5","Sketch Macaw & Peachy Macaw","","MIT","MIT","Permissive","https://www.curseforge.com/minecraft/mc-mods/macaws-trapdoors","","","0","","","","False","","1f8b59e31f889f53b6296b42ee09d447e7e56620","v0.0.1-Alpha","n2fvCDlM","macaws-trapdoors","Macaw's Trapdoors","MIT","MIT License","","Permissive","https://modrinth.com/mod/macaws-trapdoors","Match"
"mcwbyg-neoforge-1.21.1-1.6.jar","False","","NeoForge","mcwbyg, neoforge, minecraft, biomeswevegone, addonslib","Macaw's Oh The Biomes We've Gone","1.21.1-1.6","Samlegamer","","All Rights Reserved","All Rights Reserved","ARR - check terms","https://www.curseforge.com/minecraft/mc-mods/macaws-byg-bwg","https://github.com/Samlegamer/Macaw-s-Addons/issues","LICENSE_Macaw's Oh The Biomes We've Gone","1","LICENSE_Macaw's Oh The Biomes We've Gone","","","False","","c41a4d1cbd8165b8f34cb0cb60bf3bd61f0a1fbc","v0.0.1-Alpha","s4B19O5h","macaws-byg-bwg","Macaw's Oh The Biomes You'll Go / We've Gone","LicenseRef-All-Rights-Reserved","","","ARR - check terms","https://modrinth.com/mod/macaws-byg-bwg","Match"
"mcwregionsunexplored-neoforge-1.21.1-1.6.jar","False","","NeoForge","mcwregionsunexplored, neoforge, minecraft, regions_unexplored, addonslib","Macaw's Regions Unexplored","1.21.1-1.6","Samlegamer","","All Rights Reserved","All Rights Reserved","ARR - check terms","https://www.curseforge.com/minecraft/mc-mods/macaws-regions-unexplored","https://github.com/Samlegamer/Macaw-s-Addons/issues","LICENSE_Macaw's Regions Unexplored","1","LICENSE_Macaw's Regions Unexplored","","","False","","f63b16adf0b78203dec01af7ae61b66273148b48","v0.0.1-Alpha","4d7eGKIA","macaws-regions-unexplored","Macaw's Regions Unexplored","LicenseRef-All-Rights-Reserved","","","ARR - check terms","https://modrinth.com/mod/macaws-regions-unexplored","Match"
"megacells-4.11.0.jar","False","","NeoForge","megacells, ae2","MEGA Cells","4.11.0","90","s/o to the AE2 dev team and the AE2 Discord server for making this all possible.","LGPLv3.0","LGPL","Weak copyleft","https://github.com/62832/MEGACells","https://github.com/62832/MEGACells/issues","LICENSE_megacells","1","LICENSE_megacells","","","False","","ba6fe208a9172df1c68815fac7b0145f8052853b","v0.0.1-Alpha","jjuIRIVr","mega","MEGA Cells","LGPL-3.0-only","GNU Lesser General Public License v3.0 only","","Weak copyleft","https://modrinth.com/mod/mega","Match"
"Mekanism-1.21.1-10.7.19.85.jar","False","","NeoForge","mekanism, minecraft, neoforge, jei, appmek, enderio_conduits_modded, laserio, jaopca, fissionrecipe","Mekanism","10.7.19","Aidancbrady, Thommy101, Thiakil, pupnewfster, dizzyd","unpairedbracket, CyanideX, Ridanisaurus and many others","MIT","MIT","Permissive","https://aidancbrady.com/mekanism/","https://github.com/mekanism/Mekanism/issues","","0","","","","False","","b78945c40cfe7640408f3fd1e44da385a8c8b805","v0.0.1-Alpha","Ce6I4WUE","mekanism","Mekanism","MIT","MIT License","","Permissive","https://modrinth.com/mod/mekanism","Match"
"MekanismAdditions-1.21.1-10.7.19.85.jar","False","","NeoForge","mekanismadditions, mekanism","Mekanism: Additions","10.7.19","Aidancbrady, Thommy101, Thiakil, pupnewfster, dizzyd","unpairedbracket, CyanideX, Ridanisaurus and many others","MIT","MIT","Permissive","https://aidancbrady.com/mekanism/","https://github.com/mekanism/Mekanism/issues","","0","","","","False","","0934a9f9961a9a1a47ff344762f8eeb0c149d80d","v0.0.1-Alpha","a6F3uASn","mekanism-additions","Mekanism Additions","MIT","MIT License","","Permissive","https://modrinth.com/mod/mekanism-additions","Match"
"MekanismGenerators-1.21.1-10.7.19.85.jar","False","","NeoForge","mekanismgenerators, mekanism","Mekanism: Generators","10.7.19","Aidancbrady, Thommy101, Thiakil, pupnewfster, dizzyd","unpairedbracket, CyanideX, Ridanisaurus and many others","MIT","MIT","Permissive","https://aidancbrady.com/mekanism/","https://github.com/mekanism/Mekanism/issues","","0","","","","False","","44c4d8006597580ff7e4101b5a22f7b426cdcaf6","v0.0.1-Alpha","OFVYKsAk","mekanism-generators","Mekanism Generators","MIT","MIT License","","Permissive","https://modrinth.com/mod/mekanism-generators","Match"
"MekanismTools-1.21.1-10.7.19.85.jar","False","","NeoForge","mekanismtools, mekanism","Mekanism: Tools","10.7.19","Aidancbrady, Thommy101, Thiakil, pupnewfster, dizzyd","unpairedbracket, CyanideX, Ridanisaurus and many others","MIT","MIT","Permissive","https://aidancbrady.com/mekanism/","https://github.com/mekanism/Mekanism/issues","","0","","","","False","","4433b3eec0a5a0bf415d873e710a1cecea5850bc","v0.0.1-Alpha","tqQpq1lt","mekanism-tools","Mekanism Tools","MIT","MIT License","","Permissive","https://modrinth.com/mod/mekanism-tools","Match"
"mekanisticrouters-1.2.0.jar","False","","NeoForge","mekanisticrouters, neoforge, minecraft, modularrouters","Mekanistic Routers","1.2.0","Matyrobbrt","","MIT","MIT","Permissive","","","","0","","","","False","","a3506c0c37f92a390f021affa752cf55cc0a0b12","v0.0.1-Alpha","","","","","","","","","NotOnModrinth"
"mekmm-1.21.1-1.3.3.jar","False","","NeoForge","mekmm, neoforge, minecraft, mekanism, evolvedmekanism","Mekanism: MoreMachine","1.3.3","Lost Myself","Thank you to all those who have made any contributions to this mod","MIT","MIT","Permissive","https://github.com/lostmyself8/Mekanism-MoreMachine","https://github.com/lostmyself8/Mekanism-MoreMachine/issues","","0","","","","False","","e5c44ba7ea86e2d1b9b8f0fea203fddeecdea524","v0.0.1-Alpha","qDJXZJTz","mekanismmoremachine","Mekanism:More Machine","MIT","MIT License","","Permissive","https://modrinth.com/mod/mekanismmoremachine","Match"
"melody_neoforge_1.0.10_MC_1.21.jar","False","","NeoForge","melody, neoforge, minecraft","Melody","1.0.10","Keksuccino","","MIT","MIT","Permissive","","","","0","","","","False","","e83052a92c4ca0016bcfe7f0207273983dc84698","v0.0.1-Alpha","CVT4pFB2","melody","Melody","MIT","MIT License","","Permissive","https://modrinth.com/mod/melody","Match"
"memorysettings-1.21-6.0.jar","False","","NeoForge","memorysettings, neoforge, minecraft, cupboard","memorysettings mod","6.0","Someaddon","","ARR","All Rights Reserved","ARR - check terms","","","","0","","","","False","","cf94148dab1e03ee5c737657efe0371f1132a145","v0.0.1-Alpha","","","","","","","","","NotOnModrinth"
"merequester-neoforge-1.21.1-1.4.3.jar","False","","NeoForge","merequester, neoforge, minecraft, ae2, ae2wtlib","ME Requester","1.21.1-1.4.3","Almost Reliable","","GNU Lesser General Public License v3.0","LGPL","Weak copyleft","","https://github.com/AlmostReliable/merequester/issues","","0","","","","False","","b0a801e9b7af930da5f58176156d58c26f6232b1","v0.0.1-Alpha","E6BFl96N","merequester","ME Requester","LGPL-3.0-only","GNU Lesser General Public License v3.0 only","","Weak copyleft","https://modrinth.com/mod/merequester","Match"
"mifa-neoforge-1.21.x-2.1.0.jar","False","","NeoForge","mifa, neoforge, minecraft, industrialforegoing","More Industrial Foregoing Addons","2.1.0","Christofmeg","","The MIT License (MIT)","MIT","Permissive","https://github.com/Christofmeg/MoreIndustrialForegoingAddons","https://github.com/Christofmeg/MoreIndustrialForegoingAddons/issues","","0","","","","False","","b59f8679cae16ee38254cd30c2fa4977e4830661","v0.0.1-Alpha","Ig6QciUH","mifa","More Industrial Foregoing Addons (MIFA)","MIT","MIT License","","Permissive","https://modrinth.com/mod/mifa","Match"
"minecolonies-1.1.1349-1.21.1-snapshot.jar","False","","NeoForge","minecolonies, neoforge, minecraft, structurize, blockui, jei, domum_ornamentum, journeymap, dynamictrees","MineColonies","1.1.1349-1.21.1-snapshot","LDT Team","All the coffees!","GPL3","GPL","Strong copyleft","https://minecolonies.com","https://github.com/ldtteam/minecolonies/issues/new/choose","assets/minecolonies/LICENSE","1","","assets/minecolonies/LICENSE","","False","","aebb544862795d5784b2f01fdfef4ea41567fabd","v0.0.1-Alpha","","","","","","","","","NotOnModrinth"
"mininggadgets-1.18.7.jar","False","","NeoForge","mininggadgets, neoforge, minecraft","Mining Gadgets","1.18.7","Direwolf20, ErrorMikey","Direwolf20, ErrorMikey, CPW and the entire neoforge team.","MIT (https://github.com/Direwolf20-MC/MiningGadgets/blob/master/LICENSE.txt)","MIT","Permissive","https://github.com/Direwolf20-MC/MiningGadgets/","https://github.com/Direwolf20-MC/MiningGadgets","","0","","","","False","","4b016f6b02cca15ec0150ed5f59e33ab07caf9e1","v0.0.1-Alpha","","","","","","","","","NotOnModrinth"
"modelfix-1.21-1.10.jar","False","","NeoForge","modelfix, neoforge, minecraft","Model Gap Fix","1.21-1.10","MehVahdJukaar","MehVahdJukaar","GLP3","GLP3","Custom - review manually","","https://github.com/MehVahdJukaar/model-gap-fix/issues","","0","","","","False","","9608b1bff92e075ad8c2feb07f7ef095f6887117","v0.0.1-Alpha","QdG47OkI","modelfix","Model Gap Fix","GPL-3.0-only","GNU General Public License v3.0 only","","Strong copyleft","https://modrinth.com/mod/modelfix","MISMATCH"
"Modern-Dynamics-0.9.6.jar","False","","NeoForge","moderndynamics, neoforge","Modern Dynamics","0.9.6","Technici4n","","LGPLv3","LGPL","Weak copyleft","https://www.curseforge.com/minecraft/mc-mods/modern-dynamics","https://github.com/Technici4n/Modern-Dynamics","LICENSE_Modern-Dynamics","1","LICENSE_Modern-Dynamics","","","False","","3f206d55dc002f217a2a4e5b1cce9327fd67bfa6","v0.0.1-Alpha","fMpvLrnF","modern-dynamics","Modern Dynamics","LGPL-3.0-only","GNU Lesser General Public License v3.0 only","","Weak copyleft","https://modrinth.com/mod/modern-dynamics","Match"
"Modern-Industrialization-2.5.4.jar","False","","NeoForge","modern_industrialization, neoforge, grandpower, guideme, ae2, kubejs, jei","Modern Industrialization","2.5.4","Azerococo,Technici4n","","MIT","MIT","Permissive","https://github.com/AztechMC/Modern-Industrialization","https://github.com/AztechMC/Modern-Industrialization/issues","LICENSE","1","LICENSE","","","False","","724b702900c56399758954b0d6abad0187af255b","v0.0.1-Alpha","Gov5Dboq","modern-industrialization","Modern Industrialization","MIT","MIT License","","Permissive","https://modrinth.com/mod/modern-industrialization","Match"
"modernfix-neoforge-5.27.15+mc1.21.1.jar","False","","NeoForge","modernfix, neoforge, minecraft, jei","ModernFix","5.27.15+mc1.21.1","embeddedt","","GNU LGPL 3.0","LGPL","Weak copyleft","https://modrinth.com/mod/modernfix","https://github.com/embeddedt/ModernFix/issues","","0","","","","False","","d73f31081c2dc3e2e55c8f6f969466cb4639b132","v0.0.1-Alpha","nmDcB62a","modernfix","ModernFix","LGPL-3.0-only","GNU Lesser General Public License v3.0 only","","Weak copyleft","https://modrinth.com/mod/modernfix","Match"
"modonomicon-1.21.1-neoforge-1.120.1.jar","False","","NeoForge","modonomicon, neoforge, jei, patchouli","Modonomicon","1.120.1","Kli Kli","See https://github.com/klikli-dev/modonomicon#licensing","MIT AND CC-BY-4.0","CC BY","CC (attribution)","https://www.curseforge.com/minecraft/mc-mods/modonomicon","https://github.com/klikli-dev/modonomicon/issues","","0","","","","False","","e127c8ba3d194678e11a00af6422394a7ed476b1","v0.0.1-Alpha","692GClaE","modonomicon","Modonomicon","MIT AND CC-BY-4.0","MIT License, Creative Commons Attribution 4.0 International","https://github.com/klikli-dev/modonomicon#licensing","CC (attribution)","https://modrinth.com/mod/modonomicon","Match"
"modular-routers-13.2.5+mc1.21.1.jar","False","","NeoForge","modularrouters, neoforge, minecraft","Modular Routers","13.2.5","Des Herriott","","MIT","MIT","Permissive","https://minecraft.curseforge.com/projects/modular-routers","https://github.com/desht/ModularRouters/issues","","0","","","","False","","20fdf4da5776954bdb9608732c703362acbfaa9e","v0.0.1-Alpha","EuTS81Z3","modular-routers","Modular Routers","MIT","MIT License","","Permissive","https://modrinth.com/mod/modular-routers","Match"
"modularforcefields-1.21.1-0.4.2.jar","False","","NeoForge","modularforcefields, voltaic","Modular Force Fields","0.4.2","aurilisdev","Thanks to all contributors","All Rights Reserved","All Rights Reserved","ARR - check terms","https://github.com/aurilisdev/Modular-Forcefields","https://github.com/aurilisdev/Modular-Forcefields","","0","","","","False","","d93661bf0bd42757b4997f22466730b5f9d31139","v0.0.1-Alpha","HsXNjsi5","modular-force-field-systems","Modular Force Field Systems","LicenseRef-AURILISDEV-LICENSE-1.0.2","","https://github.com/aurilisdev/Electrodynamics/blob/1.20/LICENSE.txt","Custom (LicenseRef)","https://modrinth.com/mod/modular-force-field-systems","ModrinthCustom"
"monolib-neoforge-1.21.1-4.0.2.jar","False","","NeoForge","monolib, neoforge, minecraft","MonoLib","4.0.2","Lupin, Jason13","Thanks to Jared, Darkhax, Serilum, and PacifistMC.","Unlicense","Public/Permissive","Permissive","https://github.com/Mods-For-Lupin/MonoLib","https://github.com/Mods-For-Lupin/MonoLib/issues","LICENSE_MonoLib","1","LICENSE_MonoLib","","","False","","63b094775c12e15cfd2822ee135035d3e0303d9c","v0.0.1-Alpha","9leXt4A5","monolib","MonoLib","Unlicense","The Unlicense","https://unlicense.org/","Permissive","https://modrinth.com/mod/monolib","Match"
"moogs_structures-neoforge-1.21.1-3.0.0.jar","False","","NeoForge","moogs_structures, minecraft","Moog's Structure Lib","3.0.0","FinnDog","Thanks to TelepathicGrunt for their structure mod template and rs","https://github.com/FinnSetchell/MoogsStructureLib/blob/1.21.5/LICENSE","https://github.com/FinnSetchell/MoogsStructureLib/blob/1.21.5/LICENSE","Custom (URL)","https://www.curseforge.com/minecraft/mc-mods/moogs-structure-lib","https://github.com/FinnSetchell/MoogsStructureLib/issues","LICENSE_Moog's Structure Lib","1","LICENSE_Moog's Structure Lib","","","False","","f06d0f38574d1913b0c83b1322be01fabfa73223","v0.0.1-Alpha","1oUDhxuy","moogs-structure-lib","Moog's Structure Lib (moogs_structures)","LGPL-3.0-only","GNU Lesser General Public License v3.0 only","","Weak copyleft","https://modrinth.com/mod/moogs-structure-lib","MISMATCH"
"MoogsEndStructures-1.21-2.0.3.jar","False","","NeoForge","moogs_structures","","","","","GNU Lesser General Public License v3.0","LGPL","Weak copyleft","","","","0","","","","False","","8725f8fa38ab3f3fd6e8627bf2f8f7f908ec2e51","v0.0.1-Alpha","r4PuRGfV","mes-moogs-end-structures","MES - Moog's End Structures","LGPL-3.0-only","GNU Lesser General Public License v3.0 only","","Weak copyleft","https://modrinth.com/mod/mes-moogs-end-structures","Match"
"MoogsNetherStructures-1.21-3.0.0.jar","False","","NeoForge","moogs_structures","","","","","GNU Lesser General Public License v3.0","LGPL","Weak copyleft","","","","0","","","","False","","b07843ca80d49579beabb4397157de0c4330db01","v0.0.1-Alpha","nGUXvjTa","mns-moogs-nether-structures","MNS - Moog's Nether Structures","LGPL-3.0-only","GNU Lesser General Public License v3.0 only","","Weak copyleft","https://modrinth.com/mod/mns-moogs-nether-structures","Match"
"MoogsSoaringStructures-1.21-2.1.2.jar","False","","NeoForge","moogs_structures","","","","","GNU Lesser General Public License v3.0","LGPL","Weak copyleft","","","","0","","","","False","","4cb63d032e016804f1dd3b2225a2105aa3425fb2","v0.0.1-Alpha","RJCLIx7k","mss-moogs-soaring-structures","MSS - Moog's Soaring Structures","GPL-3.0-only","GNU General Public License v3.0 only","","Strong copyleft","https://modrinth.com/mod/mss-moogs-soaring-structures","MISMATCH"
"MoogsVoyagerStructures-1.21-5.0.11.jar","False","","NeoForge","moogs_structures","","","","","GNU Lesser General Public License v3.0","LGPL","Weak copyleft","","","","0","","","","False","","b76969dccad434b7a3576da608651ea4b7708064","v0.0.1-Alpha","OQAgZMH1","moogs-voyager-structures","MVS - Moog's Voyager Structures","MIT","MIT License","","Permissive","https://modrinth.com/mod/moogs-voyager-structures","MISMATCH"
"moonlight-neoforge-1.21.1-3.0.20.jar","False","","NeoForge","moonlight, minecraft","Moonlight Lib","1.21.1-3.0.20","MehVahdJukaar","MehVahdJukaar","Supplementaries Team License v.1.5","Supplementaries Team License v.1.5","Custom - review manually","","https://github.com/MehVahdJukaar/moonlight/issues","LICENSE_Moonlight Lib.md","1","LICENSE_Moonlight Lib.md","","","False","","d11bf3ef47be313db8804af242a48cd4046268dc","v0.0.1-Alpha","twkfQtEc","moonlight","Moonlight Lib","LicenseRef-LGPL-with-additional-dependency-clause","","https://github.com/MehVahdJukaar/Moonlight/blob/1.20/license.md","Weak copyleft","https://modrinth.com/mod/moonlight","MISMATCH"
"moredragoneggs-5.0.jar","False","","NeoForge","moredragoneggs","More Dragon Eggs","5.0","Darkere","","MIT","MIT","Permissive","","","","0","","","","False","","c9b26ad977aaa6c2d1bd1ad681edd77cf466537d","v0.0.1-Alpha","","","","","","","","","NotOnModrinth"
"moreoverlays-1.24.2-mc1.21.1-neoforge.jar","False","","NeoForge","moreoverlays, neoforge, jei","More Overlays Updated","1.24.2","feldim2425, RiDGo8","Thanks to all contributors of this project","The MIT License (MIT)","MIT","Permissive","https://www.curseforge.com/minecraft/mc-mods/more-overlays-updated","","","0","","","","False","","21e8bd61c5e146a9574266015d3f64621c2d9e18","v0.0.1-Alpha","Thy5Pqut","more-overlays-updated","More Overlays Updated","MIT","MIT License","https://raw.githubusercontent.com/r8420/MoreOverlays-updated/master-1.20/LICENSE.md","Permissive","https://modrinth.com/mod/more-overlays-updated","Match"
"morered-1.21.1-6.0.0.3.jar","False","","NeoForge","morered, neoforge, minecraft","More Red","${file.jarVersion}","Commoble","I hear the Minecraft Mod Development discord channel is the cat's bananas.
Thanks to porl for contributing the two-input AND and NAND gates
Thanks to zorc for contributing the zh_cn localization","MIT License","MIT","Permissive","https://www.curseforge.com/minecraft/mc-mods/more-red","https://github.com/Commoble/morered/issues","","0","","","","False","","a69f18365301470c0fc2b07125c9ba3c10f270f6","v0.0.1-Alpha","","","","","","","","","NotOnModrinth"
"MoreRed-CCT-Compat-1.21.1-1.3.0.jar","False","","NeoForge","moreredxcctcompat, neoforge, minecraft, computercraft, morered","More Red x CC:Tweaked Compat","1.21.1-1.3.0","YuRaNnNzZZ","","MIT","MIT","Permissive","https://www.curseforge.com/minecraft/mc-mods/more-red-x-cc-tweaked-compat","https://github.com/YuRaNnNzZZ/More-Red-CCT-Compat/issues","","0","","","","False","","534c64c86798ca691f0565bbf3fe09c9795a12df","v0.0.1-Alpha","","","","","","","","","NotOnModrinth"
"MouseTweaks-neoforge-mc1.21-2.26.1.jar","False","","NeoForge","mousetweaks","Mouse Tweaks","2.26.1","Ivan Molodetskikh (YaLTeR)","Contributors: mezz, juliand665, panoskj, FabiClawZ, ErrorMikey.","BSD-3-Clause","BSD","Permissive","https://minecraft.curseforge.com/projects/mouse-tweaks","https://github.com/YaLTeR/MouseTweaks/issues","","0","","","","False","","6dae57f4f50f7808d2ed9a18f6cd1c0d4640c6bc","v0.0.1-Alpha","aC3cM3Vq","mouse-tweaks","Mouse Tweaks","BSD-3-Clause","BSD 3-Clause ""New"" or ""Revised"" License","","Permissive","https://modrinth.com/mod/mouse-tweaks","Match"
"multipiston-1.2.58-1.21.1.jar","False","","NeoForge","multipiston, neoforge, minecraft, blockui, structurize","Multi-Piston","1.2.58-1.21.1","Let's Dev Together Team","Thanks for this example mod goes to Java","GPL3","GPL","Strong copyleft","","https://github.com/ldtteam/Piston-Unlimited/issues/new/choose","","0","","","","False","","2b63be739da24247328e4052ec91c928230d0390","v0.0.1-Alpha","","","","","","","","","NotOnModrinth"
"MutantMonsters-v21.1.1-1.21.1-NeoForge.jar","False","","NeoForge","mutantmonsters, neoforge, minecraft, puzzleslib","Mutant Monsters","21.1.1","shcott21, Chumbanotz, Fuzs, tdstress","","AGPL-3.0-or-later","AGPL","Strong copyleft","https://github.com/Fuzss/mutantmonsters","https://github.com/Fuzss/mutantmonsters/issues","LICENSE-ASSETS.md; LICENSE.md","2","LICENSE.md","LICENSE-ASSETS.md","","True","","c9981cf323d5e0fd49387ad20dafec1f58b2c88d","v0.0.1-Alpha","derP0ten","mutant-monsters","Mutant Monsters","AGPL-3.0-only","GNU Affero General Public License v3.0 only","","Strong copyleft","https://modrinth.com/mod/mutant-monsters","Match"
"mystcraft_reborn-1.4.2 Beta-all.jar","False","","NeoForge","mystcraft_reborn, neoforge, minecraft, past_el_palettes","Mystcraft: Reborn","1.4.2 Beta","studioREWIRED","","CC BY SA 4.0","CC BY-SA","CC (share-alike)","","","","0","","","","False","","a04adcab923cfe8de7128cbbbe1e1a4cbb838bf3","v0.0.1-Alpha","PxYGeIhV","mystcraft-reborn","Mystcraft Reborn","CC-BY-SA-4.0","Creative Commons Attribution Share Alike 4.0 International","","CC (share-alike)","https://modrinth.com/mod/mystcraft-reborn","Match"
"MysticalAgradditions-1.21.1-8.0.13.jar","False","","NeoForge","mysticalagradditions, neoforge, minecraft, cucumber, mysticalagriculture","Mystical Agradditions","8.0.13","BlakeBr0","Mark719, xun468","MIT","MIT","Permissive","https://blakesmods.com/mystical-agradditions","https://github.com/BlakeBr0/MysticalAgradditions/issues","","0","","","","False","","19bcd0011e8ab46de3093672bf2704fbb5443cfe","v0.0.1-Alpha","pl0jGXIx","mystical-agradditions","Mystical Agradditions","MIT","MIT License","","Permissive","https://modrinth.com/mod/mystical-agradditions","Match"
"MysticalAgriculture-1.21.1-8.0.27.jar","False","","NeoForge","mysticalagriculture, neoforge, minecraft, cucumber","Mystical Agriculture","8.0.27","BlakeBr0","Mark719, xun468, Cavemanrockx","MIT","MIT","Permissive","https://blakesmods.com/mystical-agriculture","https://github.com/BlakeBr0/MysticalAgriculture/issues","","0","","","","False","","e051735be23652a3371dc791ceda97f46bc95936","v0.0.1-Alpha","C95ReXie","mystical-agriculture","Mystical Agriculture","MIT","MIT License","","Permissive","https://modrinth.com/mod/mystical-agriculture","Match"
"MysticalCustomization-1.21.1-6.0.2.jar","False","","NeoForge","mysticalcustomization, neoforge, minecraft, cucumber, mysticalagriculture","Mystical Customization","6.0.2","BlakeBr0","","MIT","MIT","Permissive","https://blakesmods.com/mystical-customization","https://github.com/BlakeBr0/MysticalCustomization/issues","","0","","","","False","","483c44e51b8f4c8dd24c239f945a819da766d219","v0.0.1-Alpha","lNK9A4rh","mystical-customization","Mystical Customization","MIT","MIT License","","Permissive","https://modrinth.com/mod/mystical-customization","Match"
"NaturesAura-41.9.jar","False","","NeoForge","naturesaura, neoforge, minecraft, patchouli","NaturesAura","41.9","Ellpeck","","MIT","MIT","Permissive","","","","0","","","","False","","466fba5d58430792f8564d4466ed486e28795c83","v0.0.1-Alpha","4cJkN3aF","natures-aura","Nature's Aura","MIT","MIT License","","Permissive","https://modrinth.com/mod/natures-aura","Match"
"NaturesCompass-1.21.1-3.4.0-neoforge.jar","False","","NeoForge","naturescompass, neoforge, minecraft","Nature's Compass","1.21.1-3.4.0-neoforge","ChaosTheDude","","CC BY-NC-SA 4.0","CC BY-NC-SA","CC (non-commercial)","https://github.com/MattCzyr/NaturesCompass","https://github.com/MattCzyr/NaturesCompass/issues","","0","","","","False","","e19721873bebc4dbc1674bb101af39d0ea406b95","v0.0.1-Alpha","fPetb5Kh","natures-compass","Nature's Compass","CC-BY-NC-SA-4.0","Creative Commons Attribution Non Commercial Share Alike 4.0 International","","CC (non-commercial)","https://modrinth.com/mod/natures-compass","Match"
"netherportalfix-neoforge-1.21.1-21.1.1.jar","False","","NeoForge","netherportalfix, neoforge, minecraft, balm","NetherPortalFix","21.1.1","BlayTheNinth","BlayTheNinth","All Rights Reserved","All Rights Reserved","ARR - check terms","https://mods.twelveiterations.com/","https://github.com/TwelveIterationMods/Balm/issues","LICENSE_NetherPortalFix","1","LICENSE_NetherPortalFix","","","False","","9f1ba483216aebce1ee6185601231158684f5de8","v0.0.1-Alpha","nPZr02ET","netherportalfix","NetherPortalFix","LicenseRef-All-Rights-Reserved","","https://mods.twelveiterations.com/permissions","ARR - check terms","https://modrinth.com/mod/netherportalfix","Match"
"NoChatReports-NEOFORGE-1.21.1-v2.9.1.jar","False","","NeoForge","nochatreports, neoforge, minecraft","No Chat Reports","1.21.1-v2.9.1","Aizistral","Madis0 (aka robotkoer)","WTFPL","Public/Permissive","Permissive","https://www.curseforge.com/minecraft/mc-mods/no-chat-reports","https://github.com/Aizistral-Studios/No-Chat-Reports/issues","LICENSE","1","LICENSE","","","False","","9edfc7861277ff661141304dc8216f83eacdd9af","v0.0.1-Alpha","qQyHxfxd","no-chat-reports","No Chat Reports","WTFPL","Do What The F*ck You Want To Public License","","Permissive","https://modrinth.com/mod/no-chat-reports","Match"
"notenoughanimations-neoforge-1.12.4-mc1.21.1.jar","False","","NeoForge","notenoughanimations, minecraft, neoforge","NotEnoughAnimations","1.12.4","tr7zw","","tr7zw Protective License","tr7zw Protective License","Custom - review manually","https://modrinth.com/mod/not-enough-animations","https://github.com/tr7zw/NotEnoughAnimations/issues","LICENSE","1","LICENSE","","","False","","b509863deaa27890f8db600f612966a07490a6cd","v0.0.1-Alpha","MPCX6s5C","not-enough-animations","Not Enough Animations","LicenseRef-tr7zw-Protective-License","","https://github.com/tr7zw/NotEnoughAnimations/blob/main/LICENSE","Custom (LicenseRef)","https://modrinth.com/mod/not-enough-animations","ModrinthCustom"
"nuclearscience-1.21.1-0.8.8.jar","False","","NeoForge","nuclearscience, electrodynamics, voltaic","Nuclear Science","0.8.8","aurilisdev, skip999","Thanks to all contributors","AURILISDEV LICENSE","AURILISDEV LICENSE","Custom - review manually","https://github.com/aurilisdev/Nuclear-Science","https://github.com/aurilisdev/Nuclear-Science","","0","","","","False","","758205f2e28748f11c1d76e1c478c30e4d1fec27","v0.0.1-Alpha","aH4Sud5i","nuclear-science","Nuclear Science","LicenseRef-AURILISDEV-LICENSE-1.0.2","","https://github.com/aurilisdev/Electrodynamics/blob/1.20/LICENSE.txt","Custom (LicenseRef)","https://modrinth.com/mod/nuclear-science","ModrinthCustom"
"Nullscape_1.21.x_v1.2.14.jar","False","","NeoForge","nullscape, neoforge, minecraft","Nullscape","1.2.14","Stardust Labs","Starmute: Owner. catter1: Maintainer.","Stardust Labs License","Stardust Labs License","Custom - review manually","https://www.stardustlabs.net/","https://github.com/Stardust-Labs-MC/Nullscape/issues","license.txt","1","license.txt","","","False","","ae8e1cbd5de6cf6f450bb44cd69cd284dad690dd","v0.0.1-Alpha","LPjGiSO4","nullscape","Nullscape","LicenseRef-Stardust-Labs-License","","https://github.com/Stardust-Labs-MC/license/blob/main/license.txt","Custom (LicenseRef)","https://modrinth.com/mod/nullscape","ModrinthCustom"
"observable-5.4.4.jar","False","","NeoForge","observable, architectury, neoforge","Observable","5.4.4","tasgon","","MPL","MPL-2.0","Weak copyleft","","https://github.com/tasgon/observable/issues","","0","","","","False","","e17417eee213aac8291ff8bad1c6a5f710636b72","v0.0.1-Alpha","VYRu7qmG","observable","Observable","MPL-2.0","Mozilla Public License 2.0","","Weak copyleft","https://modrinth.com/mod/observable","Match"
"occultism_kubejs-1.21.1-neoforge-1.11.0.jar","False","","NeoForge","occultism_kubejs, occultism, kubejs","Occultism KubeJS","1.11.0","Kli Kli","See https://github.com/klikli-dev/occultism-kubejs#licensing","MIT","MIT","Permissive","https://www.curseforge.com/minecraft/mc-mods/occultism-kubejs","https://github.com/klikli-dev/occultism-kubejs/issues","","0","","","","False","","d48b97b0cc58c9c75292a1d8eab2b7c1469ed8f7","v0.0.1-Alpha","u5J68aYW","occultism-kubejs","Occultism KubeJS","MIT","MIT License","https://github.com/klikli-dev/occultism-kubejs/blob/version/1.19/LICENSE","Permissive","https://modrinth.com/mod/occultism-kubejs","Match"
"occultism-1.21.1-neoforge-1.223.0.jar","False","","NeoForge","occultism, neoforge, modonomicon, theurgy, curios, geckolib, smartbrainlib, almostunified, per_viam_invenire, jei, emi, apothic_enchanting, create, immersiveengineering","Occultism","1.223.0","Kli Kli","See https://github.com/klikli-dev/occultism#licensing","MIT","MIT","Permissive","https://www.curseforge.com/minecraft/mc-mods/occultism","https://github.com/klikli-dev/occultism/issues","","0","","","","False","","671b6c9be84037c39d1f843cdd9acc2c667e8e6c","v0.0.1-Alpha","sbJh4AZw","occultism","Occultism","MIT","MIT License","https://github.com/klikli-dev/occultism#licensing","Permissive","https://modrinth.com/mod/occultism","Match"
"OctoLib-NEOFORGE-0.6.2+1.21.jar","False","","NeoForge","octolib, neoforge, minecraft, architectury","OctoLib","0.6.2","OctoStudios","","All Rights Reserved","All Rights Reserved","ARR - check terms","","https://github.com/SSKirillSS/octo-lib/issues","","0","","","","False","","f4f66d677b104c6af7f5c0f7e3c08d8e4370ecad","v0.0.1-Alpha","RH2KUdKJ","shatterbyte-lib","ShatterLib | OctoLib","LicenseRef-All-Rights-Reserved","","","ARR - check terms","https://modrinth.com/mod/shatterbyte-lib","Match"
"Oh-The-Biomes-Weve-Gone-NeoForge-2.6.0.jar","False","","NeoForge","biomeswevegone, neoforge, minecraft, terrablender, corgilib, ohthetreesyoullgrow, geckolib","Oh The Biomes We've Gone","2.6.0","Joseph T. McQuigg (JT122406), AOCAWOL, YaBoiChips, Corgi Taco","","All Rights Reserved","All Rights Reserved","ARR - check terms","https://potionstudios.net/","https://github.com/Potion-Studios/Oh-The-Biomes-Weve-Gone/issues","","0","","","","False","","4611dc5bb4240333178e14e81f76168f78167448","v0.0.1-Alpha","NTi7d3Xc","oh-the-biomes-weve-gone","Oh The Biomes We've Gone","LicenseRef-All-Rights-Reserved","","","ARR - check terms","https://modrinth.com/mod/oh-the-biomes-weve-gone","Match"
"Oh-The-Trees-Youll-Grow-neoforge-1.21.1-5.3.2.jar","False","","NeoForge","ohthetreesyoullgrow, neoforge, minecraft","Oh The Trees You'll Grow","5.3.2","Corgi Taco","Joseph T. McQuigg (JT122406)","LGPLv3","LGPL","Weak copyleft","","https://github.com/CorgiTaco/Oh-The-Trees-Youll-Grow/issues","","0","","","","False","","1867792e4e3d9fc6bb7acabb31cbec7a3d49ecad","v0.0.1-Alpha","g8NOG5OR","oh-the-trees-youll-grow","Oh The Trees You'll Grow","LGPL-3.0-only","GNU Lesser General Public License v3.0 only","","Weak copyleft","https://modrinth.com/mod/oh-the-trees-youll-grow","Match"
"open-parties-and-claims-neoforge-1.21.1-0.27.6.jar","False","","NeoForge","openpartiesandclaims, neoforge, minecraft, create","Open Parties and Claims","0.27.6","Xaero96 and other contributors","","GNU Lesser General Public License v3.0 (LGPL-3.0-only)","LGPL","Weak copyleft","https://www.curseforge.com/minecraft/mc-mods/open-parties-and-claims","https://github.com/thexaero/open-parties-and-claims/issues","LICENSE","1","LICENSE","","","False","","90514af8a5b3c254f349d0b20490fd1fe65899e4","v0.0.1-Alpha","gF3BGWvG","open-parties-and-claims","Open Parties and Claims","LGPL-3.0-only","GNU Lesser General Public License v3.0 only","","Weak copyleft","https://modrinth.com/mod/open-parties-and-claims","Match"
"oritech-neoforge-1.21.1-1.2.8.jar","False","","NeoForge","oritech, neoforge, minecraft, architectury, athena, geckolib, oracle_index","Oritech","1.2.8","Me! - Rearth","","CC0-1.0","CC0","Permissive","","https://github.com/Rearth/Oritech/issues","","0","","","","False","","8e72b47adacbe8e250f707ed8f938b698f894681","v0.0.1-Alpha","4sYI62kA","oritech","Oritech","CC-BY-4.0","Creative Commons Attribution 4.0 International","https://github.com/Rearth/Oritech?tab=CC0-1.0-1-ov-file","CC (attribution)","https://modrinth.com/mod/oritech","MISMATCH"
"owo-lib-neoforge-0.12.15.5-beta.1+1.21.jar","False","","NeoForge","owo, neoforge, minecraft","oωo","0.12.15.5-beta.1+1.21","glisco, Blodhgarm, BasiqueEvangelist, Noaaan","","MIT","MIT","Permissive","","","LICENSE_owo-lib-neoforge","1","","","LICENSE_owo-lib-neoforge","False","","48dda11a6710591cf162bdbedf982ea21dd1f2ed","v0.0.1-Alpha","ccKDOlHs","owo-lib","oωo (owo-lib)","MIT","MIT License","","Permissive","https://modrinth.com/mod/owo-lib","Match"
"packetfixer-3.3.1-1.20.5-1.21.X-merged.jar","False","","NeoForge","packetfixer, neoforge, minecraft","PacketFixer","3.3.1","TonimatasDEV","","MIT","MIT","Permissive","","https://github.com/TonimatasDEV/PacketFixer","","0","","","","False","","a8bb6e25807682e72c23bf4065f3cd5f6373ece3","v0.0.1-Alpha","c7m1mi73","packet-fixer","Packet Fixer","MIT","MIT License","","Permissive","https://modrinth.com/mod/packet-fixer","Match"
"pamhc2crops-NEOFORGE-1.21.1-1.0.0.jar","False","","NeoForge","pamhc2crops, neoforge, minecraft","Pam's HarvestCraft - Crops","1.0.0","Pamela Collins, ie MatrexsVigil, PamHarvestCraft","","All Rights Reserved","All Rights Reserved","ARR - check terms","","","","0","","","","False","","15f0bffa9f3c8c0868d29f9d33c75e586d55425d","v0.0.1-Alpha","5xO6VNlk","pams-harvestcraft-2-crops","Pam's HarvestCraft 2: Crops","LicenseRef-All-Rights-Reserved","","","ARR - check terms","https://modrinth.com/mod/pams-harvestcraft-2-crops","Match"
"pamhc2foodcore-NEOFORGE-1.21.1-1.0.2.jar","False","","NeoForge","pamhc2foodcore, neoforge, minecraft","Pam's HarvestCraft - Food Core","1.0.2","Pamela Collins, ie MatrexsVigil, PamHarvestCraft","","All Rights Reserved","All Rights Reserved","ARR - check terms","","","","0","","","","False","","aa757abe71467b1d39a6e40c0bfecac9ae3f1e14","v0.0.1-Alpha","Z9OywhE4","pams-harvestcraft-2-food-core","Pam's HarvestCraft 2: Food Core","LicenseRef-All-Rights-Reserved","","","ARR - check terms","https://modrinth.com/mod/pams-harvestcraft-2-food-core","Match"
"pamhc2foodextended-NEOFORGE-1.21.1-1.0.0.jar","False","","NeoForge","pamhc2foodextended, neoforge, minecraft","Pam's HarvestCraft - Food Extended","1.0.0","Pamela Collins, ie MatrexsVigil, PamHarvestCraft","","All Rights Reserved","All Rights Reserved","ARR - check terms","","","","0","","","","False","","0cf7f668fdedef93446f33215484913991185102","v0.0.1-Alpha","bdPeAbPS","pams-harvestcraft-2-food-extended","Pam's HarvestCraft 2 - Food Extended","LicenseRef-All-Rights-Reserved","","","ARR - check terms","https://modrinth.com/mod/pams-harvestcraft-2-food-extended","Match"
"pamhc2trees-NEOFORGE-1.21.1-1.0.4.jar","False","","NeoForge","pamhc2trees, neoforge, minecraft","Pam's HarvestCraft - Trees","1.0.4","Pamela Collins, ie MatrexsVigil, PamHarvestCraft","","All Rights Reserved","All Rights Reserved","ARR - check terms","","","","0","","","","False","","98ac1ede402d94efdc9e1d714591483e3c1e6025","v0.0.1-Alpha","KDzWXxuG","pams-harvestcraft-2-trees","Pam's HarvestCraft 2 - Trees","LicenseRef-All-Rights-Reserved","","","ARR - check terms","https://modrinth.com/mod/pams-harvestcraft-2-trees","Match"
"Patchouli-1.21.1-93-NEOFORGE.jar","False","","NeoForge","patchouli, neoforge, minecraft","Patchouli","${file.jarVersion}","Vazkii","","CC BY-NC-SA 3.0","CC BY-NC-SA","CC (non-commercial)","","https://github.com/VazkiiMods/Patchouli","","0","","","","False","","5413bb9b8fc35ebe46b06b48bf9afafbd8471140","v0.0.1-Alpha","nU0bVIaL","patchouli","Patchouli","CC-BY-NC-SA-3.0","Creative Commons Attribution Non Commercial Share Alike 3.0 Unported","","CC (non-commercial)","https://modrinth.com/mod/patchouli","Match"
"Paxi-1.21.1-NeoForge-5.1.3.jar","False","","NeoForge","paxi, minecraft, neoforge, yungsapi","Paxi","1.21.1-NeoForge-5.1.3","YUNGNICKYOUNG","Thanks so much to all my patrons!","LGPLv3","LGPL","Weak copyleft","https://www.curseforge.com/minecraft/mc-mods/paxi-neoforge","https://github.com/yungnickyoung/Paxi/issues","","0","","","","False","","7140974a26a2cd79cdc7b85ab4e834916eacc7f1","v0.0.1-Alpha","CU0PAyzb","paxi","Paxi","LGPL-3.0-only","GNU Lesser General Public License v3.0 only","","Weak copyleft","https://modrinth.com/mod/paxi","Match"
"Placebo-1.21.1-9.9.1.jar","False","","NeoForge","placebo, minecraft, neoforge","Placebo","9.9.1","Shadows_of_Fire","","MIT License","MIT","Permissive","","","","0","","","","False","","40d33020762f4e03e5375acb6c6067aa76add7bb","v0.0.1-Alpha","tCkE8p2N","placebo","Placebo","MIT","MIT License","","Permissive","https://modrinth.com/mod/placebo","Match"
"player-animation-lib-forge-2.0.4+1.21.1.jar","False","","NeoForge","playeranimator, minecraft","Player Animator","2.0.4+1.21.1","KosmX","","MIT","MIT","Permissive","https://github.com/KosmX/minecraftPlayerAnimator","","","0","","","","False","","05be8ddcc78532b9a5520c718edc6c971cd0057c","v0.0.1-Alpha","gedNE4y2","playeranimator","playerAnimator","MIT","MIT License","","Permissive","https://modrinth.com/mod/playeranimator","Match"
"pneumaticcraft-repressurized-8.2.20+mc1.21.1.jar","False","","NeoForge","pneumaticcraft, neoforge, minecraft, patchouli, jei, emi","PneumaticCraft: Repressurized","8.2.20","desht, MineMaarten","","GNU GPLv3","GPL","Strong copyleft","https://minecraft.curseforge.com/projects/pneumaticcraft-repressurized | https://www.curseforge.com/minecraft/mc-mods/pneumaticcraft-repressurized","https://github.com/TeamPneumatic/pnc-repressurized/issues","","0","","","","False","","19b3bdb7f2aa135b1d638ba2195968c443889ce5","v0.0.1-Alpha","ncAcdgk7","pneumaticcraft-repressurized","PneumaticCraft: Repressurized","LGPL-2.1-only","GNU Lesser General Public License v2.1 only","","Weak copyleft","https://modrinth.com/mod/pneumaticcraft-repressurized","MISMATCH"
"ponderjs-neoforge-1.21.1-2.4.0.jar","False","","NeoForge","ponderjs, neoforge, minecraft, kubejs","PonderJS","1.21.1-2.4.0","AlmostReliable","Continuation of kotakotik22 mod.","MIT","MIT","Permissive","","https://github.com/AlmostReliable/ponderjs/issues","","0","","","","False","","9c35c5c31a613d58fc06e591e455bccfc3de6022","v0.0.1-Alpha","5A34Stj8","ponder","Ponder for KubeJS","MIT","MIT License","","Permissive","https://modrinth.com/mod/ponder","Match"
"potentials-neoforge-1.21-0.7.1.jar","False","","NeoForge","potentials, neoforge, minecraft, architectury","Potentials","0.7.1","Fej1Fun","","MIT","MIT","Permissive","","https://github.com/Fej1Dev/Potentials/issues","","0","","","","False","","c2525c00049e1773a813ed240ac96914c01e0b3f","v0.0.1-Alpha","J9pKOkxP","potentials","Potentials","MIT","MIT License","","Permissive","https://modrinth.com/mod/potentials","Match"
"Powah-6.2.10.jar","False","","NeoForge","powah, neoforge, cloth_config, guideme, jei","Powah","6.2.10","owmii,Technici4n,shartte","","LGPLv3","LGPL","Weak copyleft","https://www.curseforge.com/minecraft/mc-mods/powah-rearchitected","https://github.com/Technici4n/Powah/issues","LICENSE_Powah","1","LICENSE_Powah","","","False","","f134ab3e0ace3793abf93129e318eb817898a4e1","v0.0.1-Alpha","KZO4S4DO","powah","Powah!","LGPL-3.0-only","GNU Lesser General Public License v3.0 only","","Weak copyleft","https://modrinth.com/mod/powah","Match"
"prickle-neoforge-1.21.1-21.1.11.jar","False","","NeoForge","prickle, neoforge, minecraft","PrickleMC","21.1.11","Darkhax","This project is made possible with Patreon support from players like you. Thank you! lothrazar, Spencer Gilbert, Tobias Ward, Solorah, Pongo Sapiens, noobanidus, Darkosto","LGPL 2.1","LGPL","Weak copyleft","https://www.curseforge.com/minecraft/mc-mods/prickle","https://github.com/Darkhax-Minecraft/PrickleMC/issues","license_prickle.txt","1","license_prickle.txt","","","False","","5174059ecf97340a0de5ef211b938de26c4eaa36","v0.0.1-Alpha","aaRl8GiW","prickle","Prickle","LGPL-2.1-only","GNU Lesser General Public License v2.1 only","","Weak copyleft","https://modrinth.com/mod/prickle","Match"
"Prism-1.21.1-neoforge-1.0.11.jar","False","","NeoForge","prism, neoforge, minecraft","Prism","1.0.11","Grend","","CC BY-NC-ND 4.0","CC BY-NC-ND","CC (no derivatives)","https://anthonyhilyard.com/","","","0","","","","False","","1ae6f7be2ba8f963344dbf27e552920a7bc7a35f","v0.0.1-Alpha","1OE8wbN0","prism-lib","Prism","CC-BY-NC-ND-4.0","Creative Commons Attribution Non Commercial No Derivatives 4.0 International","","CC (no derivatives)","https://modrinth.com/mod/prism-lib","Match"
"ProbeJS-8.0.3.jar","False","","NeoForge","probejs, neoforge, minecraft, kubejs","ProbeJS","8.0.3","Prunoideae","","GPLv3","GPL","Strong copyleft","","https://github.com/Prunoideae/ProbeJS","","0","","","","False","","f0529482eff9596fa01de8a34abdce50529bdf55","v0.0.1-Alpha","JJNYRb4B","probejs","ProbeJS","LGPL-2.1-only","GNU Lesser General Public License v2.1 only","","Weak copyleft","https://modrinth.com/mod/probejs","MISMATCH"
"productivebees-1.21.1-13.13.5.jar","False","","NeoForge","productivebees, neoforge, minecraft, productivelib, geckolib","Productive Bees","1.21.1-13.13.5","LobsterJonn","","All Rights Reserved","All Rights Reserved","ARR - check terms","","","","0","","","","False","","31f7bb1567fdbb508db133f5b094d5d0d293030d","v0.0.1-Alpha","","","","","","","","","NotOnModrinth"
"productivefarming-1.21.1-0.5.2.jar","False","","NeoForge","productivefarming, neoforge, minecraft, productivelib, productivebees","Productive Farming","1.21.1-0.5.2","LobsterJonn","","All Rights Reserved","All Rights Reserved","ARR - check terms","","","","0","","","","False","","8277bd447b89589c54eea1a91c76a689dcbecf12","v0.0.1-Alpha","","","","","","","","","NotOnModrinth"
"productivemetalworks-1.21.1-1.15.0.jar","False","","NeoForge","productivemetalworks, neoforge, minecraft, productivelib, productivebees","Productive Metalworks","1.21.1-1.15.0","LobsterJonn","","All Rights Reserved","All Rights Reserved","ARR - check terms","","https://github.com/JDKDigital/productivemetalworks/issues","","0","","","","False","","994781120d75e17c21851d1d3c5a2789a006eb49","v0.0.1-Alpha","","","","","","","","","NotOnModrinth"
"productivetrees-1.21.1-1.0.0.jar","False","","NeoForge","productivetrees, neoforge, minecraft, productivelib, productivebees, treetap","Productive Trees","1.21.1-1.0.0","LobsterJonn","","All Rights Reserved","All Rights Reserved","ARR - check terms","","","","0","","","","False","","f3c4f098e50b519a186230c328bad20f91659044","v0.0.1-Alpha","","","","","","","","","NotOnModrinth"
"ProjectE-1.21.1-PE1.1.0.jar","False","","NeoForge","projecte, minecraft, neoforge, mekanism","ProjectE","1.1.0","SinKillerJ, MaPePeR, williewillus, Lilylicious, pupnewfster","EE2 creator - x3n0ph0b3, EE2 GUI Textures - MidnightLightning, Former Texture Artist - Magic Banana","MIT","MIT","Permissive","https://github.com/sinkillerj/ProjectE","https://github.com/sinkillerj/ProjectE/issues","","0","","","","False","","24fb5997727453a15e956522761a3f586e646c2a","v0.0.1-Alpha","","","","","","","","","NotOnModrinth"
"PuzzlesLib-v21.1.52-1.21.1-NeoForge.jar","False","","NeoForge","puzzleslib, neoforge, minecraft","Puzzles Lib","21.1.52","Fuzs","","MPL-2.0","MPL-2.0","Weak copyleft","https://github.com/Fuzss/puzzleslib","https://github.com/Fuzss/puzzleslib/issues","","0","","","","False","","66182c3affb9f99624d1d770ca168d2a63af83f6","v0.0.1-Alpha","QAGBst4M","puzzles-lib","Puzzles Lib","MPL-2.0","Mozilla Public License 2.0","","Weak copyleft","https://modrinth.com/mod/puzzles-lib","Match"
"pylons-1.21.1-5.4.2.jar","False","","NeoForge","pylons, neoforge, minecraft","Pylons","5.4.2","","","All Rights Reserved","All Rights Reserved","ARR - check terms","https://www.curseforge.com/minecraft/mc-mods/pylons","https://github.com/jeremiahwinsley/pylons/issues","","0","","","","False","","7a17b8fda2557c9466bc871403ba3b6ea5990e58","v0.0.1-Alpha","A82glthi","pylons","Pylons","LicenseRef-All-Rights-Reserved","","","ARR - check terms","https://modrinth.com/mod/pylons","Match"
"Quark-4.1-481.jar","False","","NeoForge","quark, neoforge, zeta, biolith, lootr","Quark","4.1-481","Vazkii, WireSegal, MCVinnyq, Sully","","https://github.com/VazkiiMods/Quark/blob/master/LICENSE.md","https://github.com/VazkiiMods/Quark/blob/master/LICENSE.md","Custom (URL)","","https://github.com/VazkiiMods/Quark","","0","","","","False","","20ca15ad273d2476b7339f395f33968960da4c2b","v0.0.1-Alpha","qnQsVE2z","quark","Quark","CC-BY-NC-SA-3.0","Creative Commons Attribution Non Commercial Share Alike 3.0 Unported","","CC (non-commercial)","https://modrinth.com/mod/quark","MISMATCH"
"railways-0.3.0-beta+neoforge-mc1.21.1.jar","False","","NeoForge","railways, neoforge, minecraft, create, hexcasting, voicechat","Create: Steam 'n' Rails 1.21.1","0.3.0-beta+neoforge-mc1.21.1","PoppyBlossom, Chameleon538, gblfxt","","LGPL-3.0 license","LGPL","Weak copyleft","","https://github.com/Porters-of-Railways/Railway-1.21.1/issues","","0","","","","False","","ad4be9a8c1da84e77f8113eefa394833d6305309","v0.0.1-Alpha","L3Jv0QZI","create-steam-n-rails-1.21.1","Steam 'n' Rails Neoforge","LGPL-3.0-or-later","GNU Lesser General Public License v3.0 or later","","Weak copyleft","https://modrinth.com/mod/create-steam-n-rails-1.21.1","Match"
"Rainbows-1.21-1.5.jar","False","","NeoForge","rainbows, tfc, aether, aether_ii, neoforge, minecraft","Rainbows","1.5","Verph","","BSD 2","BSD","Permissive","https://www.curseforge.com/minecraft/mc-mods/rainboows","","","0","","","","False","","82a789be56ea483e0ca94454c780da0b47e937d1","v0.0.1-Alpha","MdWygI5q","rainboows","Rainbows","BSD-2-Clause","BSD 2-Clause ""Simplified"" License","","Permissive","https://modrinth.com/mod/rainboows","Match"
"rechiseled-1.2.5-neoforge-mc1.21.jar","False","","NeoForge","rechiseled, neoforge, minecraft, supermartijn642corelib, supermartijn642configlib, fusion","Rechiseled","1.2.5","SuperMartijn642","","All rights reserved","All Rights Reserved","ARR - check terms","https://www.curseforge.com/minecraft/mc-mods/rechiseled","https://github.com/SuperMartijn642/Rechiseled/issues","","0","","","","False","","ed2973c6952caa3173259314276b5b9d72880494","v0.0.1-Alpha","B0g2vT6l","rechiseled","Rechiseled","LicenseRef-All-Rights-Reserved","","","ARR - check terms","https://modrinth.com/mod/rechiseled","Match"
"rechiseledcreate-1.1.1-neoforge-mc1.21.jar","False","","NeoForge","rechiseledcreate, neoforge, minecraft, supermartijn642corelib, rechiseled, create","Rechiseled: Create","1.1.1","SuperMartijn642","","All rights reserved","All Rights Reserved","ARR - check terms","https://www.curseforge.com/minecraft/mc-mods/rechiseled","https://github.com/SuperMartijn642/Rechiseled/issues","","0","","","","False","","6f7e53f39eb477d7cee8e21af215cd3db698deda","v0.0.1-Alpha","E6867niZ","rechiseled-create","Rechiseled: Create","LicenseRef-All-Rights-Reserved","","","ARR - check terms","https://modrinth.com/mod/rechiseled-create","Match"
"redstonepen-1.21-neoforge-1.11.42.jar","False","","NeoForge","redstonepen, neoforge, minecraft","Redstone Pen","1.11.42","wilechaote","The Smiths and Weavers of the World.","MIT","MIT","Permissive","https://github.com/stfwi/redstonepen","https://github.com/stfwi/redstonepen/issues/","","0","","","","False","","4c9a706061c0e303a02431905a4fbb63c28d14be","v0.0.1-Alpha","DwE83ioX","redstonepen","Redstone Pen","MIT","MIT License","","Permissive","https://modrinth.com/mod/redstonepen","Match"
"reeses-sodium-options-neoforge-2.2.3+mc1.21.1.jar","False","","NeoForge","reeses_sodium_options, minecraft, sodium, controlify, sodiumoptionsapi","Reese's Sodium Options","2.2.3+mc1.21.1","FlashyReese","","MIT","MIT","Permissive","","","LICENSE.txt","1","LICENSE.txt","","","False","","904f815b1f5c48703c354d432fcbc3531022337f","v0.0.1-Alpha","Bh37bMuy","reeses-sodium-options","Reese's Sodium Options","MIT","MIT License","","Permissive","https://modrinth.com/mod/reeses-sodium-options","Match"
"refinedstorage-jei-integration-neoforge-1.0.0.jar","False","","NeoForge","refinedstorage_jei_integration, refinedstorage, jei","Refined Storage - JEI Integration","1.0.0","Refined Mods","","MIT","MIT","Permissive","https://refinedmods.com/refined-storage/addons/just-enough-items.html","https://github.com/refinedmods/refinedstorage-jei-integration","LICENSE.md","1","LICENSE.md","","","False","","40dd3e88285159c99d32f6b677af4d214f58b906","v0.0.1-Alpha","VzR5wiLo","refined-storage-jei-integration","Refined Storage - JEI Integration","MIT","MIT License","","Permissive","https://modrinth.com/mod/refined-storage-jei-integration","Match"
"refinedstorage-neoforge-2.0.9.jar","False","","NeoForge","refinedstorage, neoforge","Refined Storage","2.0.9","Refined Mods","","MIT","MIT","Permissive","https://refinedmods.com/refined-storage","https://github.com/refinedmods/refinedstorage2","LICENSE.md","1","LICENSE.md","","","False","","59d8e734ccb6eaab4cdf04093c55872af7a3e23a","v0.0.1-Alpha","KDvYkUg3","refined-storage","Refined Storage","MIT","MIT License","","Permissive","https://modrinth.com/mod/refined-storage","Match"
"refinedstorage-quartz-arsenal-neoforge-1.0.8.jar","False","","NeoForge","refinedstorage_quartz_arsenal, refinedstorage","Refined Storage - Quartz Arsenal","1.0.8","Refined Mods","","MIT","MIT","Permissive","https://refinedmods.com/refined-storage/addons/quartz-arsenal.html","https://github.com/refinedmods/refinedstorage-quartz-arsenal","LICENSE.md","1","LICENSE.md","","","False","","510c20c2b4531ceaa99f19ba6bc4671650df7a81","v0.0.1-Alpha","gnwGOmBf","refined-storage-quartz-arsenal","Refined Storage - Quartz Arsenal","MIT","MIT License","","Permissive","https://modrinth.com/mod/refined-storage-quartz-arsenal","Match"
"refurbished_furniture-neoforge-1.21.1-1.0.22.jar","False","","NeoForge","refurbished_furniture, neoforge, minecraft, framework","MrCrayfish's Furniture Mod: Refurbished","1.0.22","MrCrayfish","","MIT","MIT","Permissive","https://mrcrayfish.com/mods/furniture_refurbished","","LICENSE_refurbished_furniture","1","LICENSE_refurbished_furniture","","","False","","6c209e6b755ff26218efd55aedf2dea49183d29b","v0.0.1-Alpha","","","","","","","","","NotOnModrinth"
"regions-unexplored-0.6.1-neoforge-21.1.jar","False","","NeoForge","lithostitched, regions_unexplored","Regions Unexplored","0.6.1","Apollo, UHQ_Games","Contributors: KelloVerra (Texture Artist), KirboSoftware, voidsongdragonfly","All Rights Reserved","All Rights Reserved","ARR - check terms","https://modrinth.com/mod/regions-unexplored","https://github.com/Apollounknowndev/RegionsUnexplored/issues","","0","","","","False","","f238d4e0dee45e9ccbb5fea7c9c3c65017160fee","v0.0.1-Alpha","Tkikq67H","regions-unexplored","Regions Unexplored","MIT","MIT License","","Permissive","https://modrinth.com/mod/regions-unexplored","MISMATCH"
"relics-1.21.1-0.12.8.jar","False","","NeoForge","relics, minecraft, neoforge, curios, octolib","Relics","0.12.8","SSKirillSS","","All Rights Reserved","All Rights Reserved","ARR - check terms","https://www.curseforge.com/minecraft/mc-mods/relics-mod","https://discord.gg/pHren9yxzW","","0","","","","False","","1fe7d57ebfa56ebd0aeecfed01075f8b55b94ef7","v0.0.1-Alpha","OCJRPujW","relics-mod","Relics","LicenseRef-All-Rights-Reserved","","","ARR - check terms","https://modrinth.com/mod/relics-mod","Match"
"reliquified_artifacts-1.21.1-1.0.7.jar","False","","NeoForge","reliquified_artifacts, minecraft, neoforge, curios, octolib, artifacts, relics","reliquified_artifacts","1.0.7","Octo-Studios","","All Rights Reserved","All Rights Reserved","ARR - check terms","https://www.curseforge.com/minecraft/mc-mods/reliquified_artifacts","https://discord.gg/pHren9yxzW","","0","","","","False","","b05a777e47d17c645aab551a3ccb759340530a51","v0.0.1-Alpha","GnU07giL","reliquified-artifacts","Reliquified Artifacts","LicenseRef-All-Rights-Reserved","","","ARR - check terms","https://modrinth.com/mod/reliquified-artifacts","Match"
"resourcefulconfig-neoforge-1.21-3.0.11.jar","False","","NeoForge","resourcefulconfig, neoforge, minecraft","Resourcefulconfig","3.0.11","","","MIT","MIT","Permissive","","https://github.com/Team-Resourceful/Resourceful-Config/issues","","0","","","","False","","6bf2b6ea9c071c00a2abcdc552667fb6f7d21031","v0.0.1-Alpha","M1953qlQ","resourceful-config","Resourceful Config","MIT","MIT License","","Permissive","https://modrinth.com/mod/resourceful-config","Match"
"resourcefullib-neoforge-1.21-3.0.12.jar","False","","NeoForge","resourcefullib, neoforge, minecraft","Resourceful Lib","3.0.12","ThatGravyBoat, Epic_Oreo","","MIT","MIT","Permissive","","https://github.com/Team-Resourceful/ResourcefulLib/issues/new/choose","","0","","","","False","","24389c8e48ff0e8594e4686b750c494c66a5f8df","v0.0.1-Alpha","G1hIVOrD","resourceful-lib","Resourceful Lib","MIT","MIT License","","Permissive","https://modrinth.com/mod/resourceful-lib","Match"
"revelationary-neoforge-1.5.0+1.21.1.jar","False","","NeoForge","revelationary, neoforge, minecraft","Revelationary","1.5.0+1.21.1","DaFuqs","","lGPL3","LGPL","Weak copyleft","https://github.com/DaFuqs/Revelationary","https://github.com/DaFuqs/Revelationary/issues","LICENSE.md_revelationary-neoforge","1","LICENSE.md_revelationary-neoforge","","","False","","e87eb734a2e549e73b91ad1dd0cfa024208e47cd","v0.0.1-Alpha","eXrl5E3G","revelationary","Revelationary","LGPL-3.0-only","GNU Lesser General Public License v3.0 only","","Weak copyleft","https://modrinth.com/mod/revelationary","Match"
"rftoolsbase-1.21-6.0.11.jar","False","","NeoForge","rftoolsbase, neoforge, mcjtylib","RFToolsBase","${file.jarVersion}","McJty","","MIT License https://github.com/McJtyMods/RFToolsBase/blob/1.16/LICENCE","MIT","Permissive","http://github.com/McJtyMods/RFToolsBase/","http://github.com/McJtyMods/RFToolsBase/issues","","0","","","","False","","9614bdc12d6c633801b254a983d30dd4cbeb5aee","v0.0.1-Alpha","hIO8IsD8","rftools-base","RFTools Base","MIT","MIT License","","Permissive","https://modrinth.com/mod/rftools-base","Match"
"rhino-2101.2.7-build.85.jar","False","","NeoForge","rhino","Rhino","2101.2.7-build.85","latvian.dev, Mozilla","","MPL-2.0","MPL-2.0","Weak copyleft","https://kubejs.com","https://kubejs.com/support?source=rhino&mc=2101&loader=neoforge","","0","","","","False","","3c8d34c7efe9e42fc90506acbf9fc842d36f9a42","v0.0.1-Alpha","sk9knFPE","rhino","Rhino","MPL-2.0","Mozilla Public License 2.0","","Weak copyleft","https://modrinth.com/mod/rhino","Match"
"ritchiesprojectilelib-2.1.2+mc.1.21.1-neoforge.jar","False","","NeoForge","ritchiesprojectilelib, neoforge, minecraft","Ritchie's Projectile Library","2.1.2","rbasamoyai","","MIT License","MIT","Permissive","","https://github.com/Wagers-of-Industrial-Warfare/RitchiesProjectileLib/issues","","0","","","","False","","ec2e4996f8bee8714173e603e379fef8a6901765","v0.0.1-Alpha","B3pb093D","rpl","Ritchie's Projectile Library","MIT","MIT License","","Permissive","https://modrinth.com/mod/rpl","Match"
"sable-neoforge-1.21.1-2.0.3.jar","False","","NeoForge","sable, neoforge, minecraft, flywheel, create, sablecompanion, sodium, scalablelux, littletiles","Sable","2.0.3","RyanHCode","Ocelot, Eriksonn, Cyvack, Bee, Kyan, Cake, Rhyguy1","PolyForm Shield License 1.0.0","PolyForm Shield License 1.0.0","Custom - review manually","","https://github.com/ryanhcode/sable/issues","LICENSE.md","1","LICENSE.md","","","False","","f3ba9a497122ba29d9e94ebe6f9a3a3aaa5fa756","v0.0.1-Alpha","T9PomCSv","sable","Sable","LicenseRef-PolyForm-Shield-License-1.0.0","","https://github.com/ryanhcode/sable/blob/main/LICENSE.md","Custom (LicenseRef)","https://modrinth.com/mod/sable","ModrinthCustom"
"ScalableCatsForce-NeoForge-3.7.1-build-11-with-library.jar","False","","Unknown / not a mod","","","","","","","UNDECLARED","Unknown","","","LICENSE; NOTICE","2","LICENSE; NOTICE","","","False","","b96d133a016dde480458d6102d66353c7eeacf6a","v0.0.1-Alpha","zr0QMQMo","scalable-cats-force","Scalable Cat's Force","Apache-2.0","Apache License 2.0","","Permissive","https://modrinth.com/mod/scalable-cats-force","JarUndeclared"
"Searchables-neoforge-1.21.1-1.0.2.jar","False","","NeoForge","searchables, neoforge, minecraft","Searchables","1.0.2","Jaredlll08","","MIT","MIT","Permissive","https://www.curseforge.com/minecraft/mc-mods/searchables","https://github.com/jaredlll08/searchables/issues","LICENSE","1","LICENSE","","","False","","5b8a0b43a474c066371b2e16f9bfb88622552a74","v0.0.1-Alpha","fuuu3xnx","searchables","Searchables","MIT","MIT License","","Permissive","https://modrinth.com/mod/searchables","Match"
"silent-gear-1.21.1-neoforge-4.2.1.1.jar","False","","NeoForge","silentgear, neoforge, minecraft, silentlib","Silent Gear","4.2.1.1","SilentChaos512","","MIT","MIT","Permissive","https://github.com/SilentChaos512/Silent-Gear/blob/1.21.x/README.md","https://github.com/SilentChaos512/Silent-Gear/issues","","0","","","","False","","928064b09748d6e963077c114d65f5ce79aff581","v0.0.1-Alpha","73mSSnCf","silent-gear","Silent Gear","MIT","MIT License","","Permissive","https://modrinth.com/mod/silent-gear","Match"
"silent-lib-1.21.1-neoforge-10.6.0.jar","False","","NeoForge","silentlib, neoforge, minecraft","Silent Lib","10.6.0","SilentChaos512","","MIT","MIT","Permissive","https://github.com/SilentChaos512/SilentLib/blob/1.21.x/README.md","https://github.com/SilentChaos512/SilentLib/issues","","0","","","","False","","991055113a165bef7d0b620c091165d55f7dbb24","v0.0.1-Alpha","BQhuHQo4","silent-lib","Silent Lib","MIT","MIT License","","Permissive","https://modrinth.com/mod/silent-lib","Match"
"silentgems-1.21.1-neoforge-5.1.3.jar","False","","NeoForge","silentgems, neoforge, minecraft, silentgear","Silent's Gems","5.1.3","SilentChaos512","","MIT","MIT","Permissive","https://github.com/SilentChaos512/SilentGems/blob/1.21.x/README.md","https://github.com/SilentChaos512/SilentGems/issues","","0","","","","False","","a296507e45f2a71cfc1e6cfcc6692340c4c4d913","v0.0.1-Alpha","Y036wakZ","silents-gems","Silent's Gems","MIT","MIT License","","Permissive","https://modrinth.com/mod/silents-gems","Match"
"simulatedcoasters-0.1.3.jar","False","","NeoForge","simulatedcoasters, neoforge, minecraft, create, flywheel, sable","Create: Coasters Simulated","0.1.3","","","MIT","MIT","Permissive","","","","0","","","","False","","bb566a54e1c6e3e13a465ec32e319f61c5637ed2","v0.0.1-Alpha","W1ZUfWdr","create-coasters-simulated","Create: Coasters Simulated","MIT","MIT License","","Permissive","https://modrinth.com/mod/create-coasters-simulated","Match"
"skinlayers3d-neoforge-1.11.2-mc1.21.1.jar","False","","NeoForge","skinlayers3d, minecraft, neoforge","3d-Skin-Layers","1.11.2","tr7zw","","tr7zw Protective License","tr7zw Protective License","Custom - review manually","https://modrinth.com/mod/3dskinlayers","https://github.com/tr7zw/3d-skin-layers/issues","LICENSE","1","LICENSE","","","False","","d688d428ba72a5bd57b44d8954793c59d8576838","v0.0.1-Alpha","zV5r3pPn","3dskinlayers","3D Skin Layers","LicenseRef-tr7zw-Protective-License","","https://github.com/tr7zw/3d-Skin-Layers/blob/1.17/LICENSE","Custom (LicenseRef)","https://modrinth.com/mod/3dskinlayers","ModrinthCustom"
"sky_aesthetics-neoforge-2.0.13-beta.jar","False","","NeoForge","sky_aesthetics, neoforge, minecraft","Sky Aesthetics","2.0.13-beta","The Stellaris Team","","Insert License Here","Insert License Here","Custom - review manually","","https://github.com/TathanDev/SkyAesthetics/issues","","0","","","","False","","d3c8c031770bdced5bd59fc8071cc9a13c81f1cd","v0.0.1-Alpha","2zaNpyqY","sky-aesthetics","Sky Aesthetics","MIT","MIT License","","Permissive","https://modrinth.com/mod/sky-aesthetics","MISMATCH"
"sliceanddice-neoforge-4.3.2.jar","False","","NeoForge","sliceanddice, neoforge, minecraft, kotlinforforge, atmosphere, create, create_enchantment_industry","Create Slice & Dice","4.3.2","possible_triangle","","https://github.com/pssbletrngle/sliceanddice/blob/main/1.21.x/LICENSE.md","https://github.com/pssbletrngle/sliceanddice/blob/main/1.21.x/LICENSE.md","Custom (URL)","","https://github.com/pssbletrngle/sliceanddice/issues","LICENSE_Create Slice & Dice.md","1","LICENSE_Create Slice & Dice.md","","","False","","ba4a47438623e78739d125b733971121ad14915e","v0.0.1-Alpha","GmjmRQ0A","slice-and-dice","Create Slice & Dice","LicenseRef-Custom","","https://github.com/PssbleTrngle/SliceAndDice/blob/1.19.x/LICENSE.txt","Custom (LicenseRef)","https://modrinth.com/mod/slice-and-dice","ModrinthCustom"
"SmartBrainLib-neoforge-1.21.1-1.16.11.jar","False","","NeoForge","smartbrainlib, neoforge, minecraft","SmartBrainLib","1.16.11","Tslat","","MPL-2.0","MPL-2.0","Weak copyleft","","https://github.com/Tslat/SmartBrainLib/issues","","0","","","","False","","0310135a01eeceefbc7f1ab017498a65f3ad6836","v0.0.1-Alpha","PuyPazRT","smartbrainlib","SmartBrainLib","MPL-2.0","Mozilla Public License 2.0","","Weak copyleft","https://modrinth.com/mod/smartbrainlib","Match"
"smarterfarmers-1.21-2.2.4-neoforge.jar","False","","NeoForge","smarterfarmers, neoforge, minecraft, moonlight","Smarter Farmers","1.21-2.2.4","MehVahdJukaar","MehVahdJukaar","Supplementaries Team License v.1.4","Supplementaries Team License v.1.4","Custom - review manually","","https://github.com/MehVahdJukaar/smarter_farmers/issues","","0","","","","False","","49e58b648cfe1e5d6623b1b2c3ce5aca0b8c08df","v0.0.1-Alpha","Bh6ZOMvp","smarter-farmers-farmers-replant","Smarter Farmers (farmers replant)","LicenseRef-All-Rights-Reserved","","","ARR - check terms","https://modrinth.com/mod/smarter-farmers-farmers-replant","MISMATCH"
"sodium-extra-neoforge-0.9.3+mc1.21.1.jar","False","","NeoForge","sodium_extra, minecraft, sodium, greenlight","Sodium Extra","0.9.3+mc1.21.1","FlashyReese","","LGPLv3","LGPL","Weak copyleft","","","LICENSE.txt","1","LICENSE.txt","","","False","","3aaac7712521b477acc73757459b3883c4e0bbda","v0.0.1-Alpha","PtjYWJkn","sodium-extra","Sodium Extra","LGPL-3.0-only","GNU Lesser General Public License v3.0 only","","Weak copyleft","https://modrinth.com/mod/sodium-extra","Match"
"sodium-neoforge-0.8.12+mc1.21.1.jar","False","","NeoForge","sodium, minecraft, neoforge, embeddium","Sodium","0.8.12+mc1.21.1","JellySquid (jellysquid3), IMS212","bytzo, PepperCode1, FlashyReese, altrisi, Grayray75, Madis0, Johni0702, comp500, coderbot16, Moulberry, MCRcortex, Altirix, embeddedt, pajicadvance, Kroppeb, douira, burgerindividual, TwistedZero, Leo40Git, haykam821, muzikbike","Polyform-Shield-1.0.0","Polyform-Shield-1.0.0","Custom - review manually","","","LICENSE.md","1","LICENSE.md","","","False","","762251ab3d6825d5accfd89c3f02f1145376105e","v0.0.1-Alpha","AANobbMI","sodium","Sodium","LicenseRef-Polyform-Shield-1.0.0","","https://github.com/CaffeineMC/sodium/blob/dev/LICENSE.md","Custom (LicenseRef)","https://modrinth.com/mod/sodium","ModrinthCustom"
"sophisticatedbackpacks-1.21.1-3.25.65.1955.jar","False","","NeoForge","sophisticatedbackpacks, sophisticatedcore, neoforge, minecraft","Sophisticated Backpacks","3.25.65","P3pp3rF1y, Ridanisaurus","Created by P3pp3rF1y and art by Ridanisaurus.","All Rights Reserved","All Rights Reserved","ARR - check terms","https://www.curseforge.com/minecraft/mc-mods/sophisticated-backpacks","https://github.com/P3pp3rF1y/SophisticatedBackpacks/issues","","0","","","","False","","9a2047029282e163562a1d5b3062a947f0d4ea1b","v0.0.1-Alpha","TyCTlI4b","sophisticated-backpacks","Sophisticated Backpacks","LicenseRef-All-Rights-Reserved","","","ARR - check terms","https://modrinth.com/mod/sophisticated-backpacks","Match"
"sophisticatedbackpackscreateintegration-1.21.1-0.1.7.119.jar","False","","NeoForge","sophisticatedbackpackscreateintegration, sophisticatedbackpacks, create, jei, neoforge, minecraft","Sophisticated Backpacks Create Integration","0.1.7","P3pp3rF1y","Created by P3pp3rF1y.","All Rights Reserved","All Rights Reserved","ARR - check terms","https://www.curseforge.com/minecraft/mc-mods/sophisticated-backpacks-create-integration","https://github.com/P3pp3rF1y/SophisticatedBackpacksCreateIntegration/issues","","0","","","","False","","6e90604534df1a572cf2ed6c2d62214ce30ec9a6","v0.0.1-Alpha","s85zLEDe","sophisticated-backpacks-create-integration","Sophisticated Backpacks Create Integration","LicenseRef-All-Rights-Reserved","","","ARR - check terms","https://modrinth.com/mod/sophisticated-backpacks-create-integration","Match"
"sophisticatedcore-1.21.1-1.4.62.2079.jar","False","","NeoForge","sophisticatedcore, neoforge, minecraft","Sophisticated Core","1.4.62","P3pp3rF1y","Created by P3pp3rF1y","All Rights Reserved","All Rights Reserved","ARR - check terms","https://www.curseforge.com/minecraft/mc-mods/sophisticated-core","https://github.com/P3pp3rF1y/SophisticatedCore/issues","","0","","","","False","","55da5d4763e563d48a66c0b4405d8034953b090a","v0.0.1-Alpha","nmoqTijg","sophisticated-core","Sophisticated Core","LicenseRef-All-Rights-Reserved","","","ARR - check terms","https://modrinth.com/mod/sophisticated-core","Match"
"sophisticatedstorage-1.21.1-1.5.65.1903.jar","False","","NeoForge","sophisticatedstorage, sophisticatedcore, jei, neoforge, minecraft","Sophisticated Storage","1.5.65","P3pp3rF1y, Ridanisaurus","Created by P3pp3rF1y and art by Ridanisaurus.","All Rights Reserved","All Rights Reserved","ARR - check terms","https://www.curseforge.com/minecraft/mc-mods/sophisticated-storage","https://github.com/P3pp3rF1y/SophisticatedStorage/issues","","0","","","","False","","36f40b3c89eb622caa57d9b77c097a9bed1e0dda","v0.0.1-Alpha","hMlaZH8f","sophisticated-storage","Sophisticated Storage","LicenseRef-All-Rights-Reserved","","","ARR - check terms","https://modrinth.com/mod/sophisticated-storage","Match"
"sophisticatedstoragecreateintegration-1.21.1-0.1.17.132.jar","False","","NeoForge","sophisticatedstoragecreateintegration, sophisticatedstorage, create, jei, neoforge, minecraft","Sophisticated Storage Create Integration","0.1.17","P3pp3rF1y","Created by P3pp3rF1y.","All Rights Reserved","All Rights Reserved","ARR - check terms","https://www.curseforge.com/minecraft/mc-mods/sophisticated-storage-create-integration","https://github.com/P3pp3rF1y/SophisticatedStorageCreateIntegration/issues","","0","","","","False","","afabee69117b0cd50184579af33d80d096f4a9c6","v0.0.1-Alpha","MJ0hdevs","sophisticated-storage-create-integration","Sophisticated Storage Create Integration","LicenseRef-All-Rights-Reserved","","","ARR - check terms","https://modrinth.com/mod/sophisticated-storage-create-integration","Match"
"sound-physics-remastered-neoforge-1.21.1-1.5.1.jar","False","","NeoForge","sound_physics_remastered, neoforge, minecraft, cloth_config, voicechat","Sound Physics Remastered","1.21.1-1.5.1","Sonic Ether, vlad2305m, Max Henkel","Sonic Ether, vlad2305m","GPL","GPL","Strong copyleft","https://www.curseforge.com/minecraft/mc-mods/sound-physics-remastered","https://github.com/henkelmax/sound-physics-remastered/issues","","0","","","","False","","a5ac35ccb902231047709530a5708fb71dc3e3b5","v0.0.1-Alpha","qyVF9oeo","sound-physics-remastered","Sound Physics Remastered","GPL-3.0-only","GNU General Public License v3.0 only","","Strong copyleft","https://modrinth.com/mod/sound-physics-remastered","Match"
"spark-1.10.124-neoforge.jar","False","","NeoForge","spark, neoforge","spark","1.10.124","Luck","","GPLv3","GPL","Strong copyleft","","","","0","","","","False","","9430cc2ab64ff89d698be593769fb9f9ee4efae6","v0.0.1-Alpha","l6YH9Als","spark","spark","GPL-3.0-only","GNU General Public License v3.0 only","https://github.com/lucko/spark/blob/master/LICENSE.txt","Strong copyleft","https://modrinth.com/mod/spark","Match"
"Sparkweave-NeoForge-0.510.0.jar","False","","NeoForge","sparkweave","Sparkweave Engine","0.510.0","Up","","https://github.com/Up-Mods/Sparkweave/blob/HEAD/LICENSE.md","https://github.com/Up-Mods/Sparkweave/blob/HEAD/LICENSE.md","Custom (URL)","https://www.curseforge.com/projects/911456","https://github.com/Up-Mods/Sparkweave/issues","LICENSE_sparkweave.md","1","LICENSE_sparkweave.md","","","False","","012d4308400c2c467374c5b36b86bb0c55582496","v0.0.1-Alpha","nf68xfAw","sparkweave","Sparkweave Engine","LicenseRef-All-Rights-Reserved","","","ARR - check terms","https://modrinth.com/mod/sparkweave","MISMATCH"
"SpectralDecorations-1.9.0-1.21.1-neo.jar","False","","NeoForge","spectral_decorations, neoforge, minecraft, spectrum","Spectral Decorations","1.9.0-1.21.1-neo","Brothers_trouble, Garbage Data, Detrilogue , DaFuqs","","lGPL3","LGPL","Weak copyleft","https://github.com/DaFuqs/SpectralDecorations","https://github.com/DaFuqs/SpectralDecorations/issues","LICENSE_SpectralDecorations","1","LICENSE_SpectralDecorations","","","False","","11e5413d33730f20375afe01dba791a510defc14","v0.0.1-Alpha","OtSTiI0D","spectral-decorations","Spectral Decorations","LGPL-3.0-or-later","GNU Lesser General Public License v3.0 or later","","Weak copyleft","https://modrinth.com/mod/spectral-decorations","Match"
"spectrum-1.11.8-1.21.1-neo.jar","False","","NeoForge","spectrum, neoforge, minecraft, revelationary, modonomicon, curios, malum, pastel","Spectrum","1.11.8-1.21.1-neo","DaFuqs, Azzyypaaras, Noaaan, Electro_593","","lGPL3","LGPL","Weak copyleft","https://github.com/DaFuqs/Spectrum","https://github.com/DaFuqs/Spectrum/issues","","0","","","","False","","589f92a09e616202305cc81b3681735a4e9bee85","v0.0.1-Alpha","3rc31Hgo","spectrum","Spectrum","LGPL-3.0-only","GNU Lesser General Public License v3.0 only","","Weak copyleft","https://modrinth.com/mod/spectrum","Match"
"SpectrumJEI-21.1.9+neoforge.jar","False","","NeoForge","spectrumjei, minecraft, jei, jeidrawables, spectrum, rei_plugin_compatibilities, emi","SpectrumJEI","21.1.9+neoforge","TheLMiffy1111","","LGPL-3.0-only","LGPL","Weak copyleft","https://www.curseforge.com/minecraft/mc-mods/spectrumjei","https://github.com/TheLMiffy1111/SpectrumJEI/issues","","0","","","","False","","3e78dc4365e035973892bcaa57e40443391bfbe2","v0.0.1-Alpha","8FtYXJhp","spectrumjei","SpectrumJEI","LGPL-3.0-only","GNU Lesser General Public License v3.0 only","","Weak copyleft","https://modrinth.com/mod/spectrumjei","Match"
"spiffyhud_neoforge_3.1.2_MC_1.21.1.jar","False","","NeoForge","spiffyhud, konkrete, fancymenu, neoforge, minecraft","SpiffyHUD","3.1.2","Keksuccino","","DSMSLv3 (DON'T SNATCH MA STUFF LICENSE v3)","DSMSLv3 (DON'T SNATCH MA STUFF LICENSE v3)","Custom - review manually","","","","0","","","","False","","3a134fad050b39eab0d98a120dac5d0386fd50c3","v0.0.1-Alpha","wtOPHICQ","spiffyhud","SpiffyHUD","LicenseRef-DSMSLv3","","https://github.com/Keksuccino/Spiffy-HUD/blob/main/LICENSE.md","Custom (LicenseRef)","https://modrinth.com/mod/spiffyhud","ModrinthCustom"
"stellaris-1.21-neoforge-1.4.25.jar","False","","NeoForge","stellaris, neoforge, minecraft, architectury, potentials, sky_aesthetics","Stellaris","1.4.25","The Stellaris Team","","CC BY-NC-SA 4.0","CC BY-NC-SA","CC (non-commercial)","","https://github.com/st0x0ef/Stellaris/issues","","0","","","","False","","d1d5801d054b7ba0b22ce2b35d8d4ec5a5e43401","v0.0.1-Alpha","ItTQpuBn","stellaris","Stellaris","CC-BY-NC-SA-4.0","Creative Commons Attribution Non Commercial Share Alike 4.0 International","","CC (non-commercial)","https://modrinth.com/mod/stellaris","Match"
"StorageDrawers-neoforge-1.21.1-13.11.4.jar","False","","NeoForge","storagedrawers, minecraft, neoforge","Storage Drawers","13.11.4","Texelsaur","","MIT","MIT","Permissive","https://minecraft.curseforge.com/projects/storagedrawers","https://github.com/jaquadro/StorageDrawers/issues","LICENSE","1","LICENSE","","","False","","b8e11e3d1fd63fd1a0d9277ec3f966c7e5cff385","v0.0.1-Alpha","guitPqEi","storagedrawers","Storage Drawers","MIT","MIT License","","Permissive","https://modrinth.com/mod/storagedrawers","Match"
"Structory_26.1_v1.3.16.jar","False","","NeoForge","structory, minecraft","Structory","1.3.16","Stardust Labs","Botany: Owner. Starmute: Developer. catter1: Maintainer.","Stardust Labs License","Stardust Labs License","Custom - review manually","https://www.stardustlabs.net/","https://github.com/Stardust-Labs-MC/Structory/issues","license.txt","1","license.txt","","","False","","ee48f145a3a09fdb3f492576cbc21ed26abc74bb","v0.0.1-Alpha","aKCwCJlY","structory","Structory","LicenseRef-Stardust-Labs-License","","https://github.com/Stardust-Labs-MC/license/blob/main/license.txt","Custom (LicenseRef)","https://modrinth.com/mod/structory","ModrinthCustom"
"Structory_Towers_26.1_v1.0.16.jar","False","","NeoForge","structory_towers, minecraft","Structory: Towers","1.0.16","Stardust Labs","Botany: Owner. Starmute: Developer. catter1: Maintainer.","Stardust Labs License","Stardust Labs License","Custom - review manually","https://www.stardustlabs.net/","https://github.com/Stardust-Labs-MC/Structory-Towers/issues","license.txt","1","license.txt","","","False","","ed22fe659cb3020f2e86b7619ce721714b9546be","v0.0.1-Alpha","j3FONRYr","structory-towers","Structory: Towers","LicenseRef-Stardust-Labs-License","","https://github.com/Stardust-Labs-MC/license/blob/main/license.txt","Custom (LicenseRef)","https://modrinth.com/mod/structory-towers","ModrinthCustom"
"structurize-1.0.832-1.21.1-snapshot.jar","False","","NeoForge","structurize, neoforge, minecraft, blockui, domum_ornamentum","Structurize","1.0.832-1.21.1-snapshot","LDT Team","Every coffee anyone ever drank!","GPL 3.0","GPL","Strong copyleft","https://minecolonies.com/","https://github.com/ldtteam/structurize/issues/new/choose","","0","","","","False","","96f0c0d236ac3bfb361cbb05d0b0c140fb77d3d5","v0.0.1-Alpha","","","","","","","","","NotOnModrinth"
"Super Factory Manager (SFM)-MC1.21.1-4.34.0.jar","False","","NeoForge","sfm, neoforge, minecraft, mekanism","Super Factory Manager (SFM)","4.34.0","TeamDman","","Mozilla Public License Version 2.0","MPL-2.0","Weak copyleft","","https://github.com/TeamDman/SuperFactoryManager/issues","","0","","","","False","","1c170062c486bd25a1161571b6c3cf9e6371611b","v0.0.1-Alpha","aecUorJQ","super-factory-manager","Super Factory Manager","MPL-2.0","Mozilla Public License 2.0","","Weak copyleft","https://modrinth.com/mod/super-factory-manager","Match"
"supermartijn642configlib-1.1.8-neoforge-mc1.21.jar","False","","NeoForge","supermartijn642configlib, neoforge, minecraft","SuperMartijn642's Config Library","1.1.8","SuperMartijn642","","All rights reserved","All Rights Reserved","ARR - check terms","https://www.curseforge.com/minecraft/mc-mods/supermartijn642s-config-lib","https://github.com/SuperMartijn642/SuperMartijn642sConfigLib/issues","","0","","","","False","","07452242e389975e8a88b97066f4bae6a4ebe574","v0.0.1-Alpha","LN9BxssP","supermartijn642s-config-lib","SuperMartijn642's Config Lib","LicenseRef-All-Rights-Reserved","","","ARR - check terms","https://modrinth.com/mod/supermartijn642s-config-lib","Match"
"supermartijn642corelib-1.1.21-neoforge-mc1.21.jar","False","","NeoForge","supermartijn642corelib, neoforge, minecraft","SuperMartijn642's Core Lib","1.1.21","SuperMartijn642","","All rights reserved","All Rights Reserved","ARR - check terms","https://www.curseforge.com/minecraft/mc-mods/supermartijn642s-core-lib","https://github.com/SuperMartijn642/SuperMartijn642sCoreLib/issues","","0","","","","False","","84802fbe1645de8caf61ccb07db6cf451e614f68","v0.0.1-Alpha","rOUBggPv","supermartijn642s-core-lib","SuperMartijn642's Core Lib","LicenseRef-All-Rights-Reserved","","","ARR - check terms","https://modrinth.com/mod/supermartijn642s-core-lib","Match"
"supplementaries-neoforge-1.21.1-3.7.4.jar","False","","NeoForge","supplementaries, neoforge, minecraft, moonlight, create, amendments, sodium","Supplementaries","1.21.1-3.7.4","MehVahdJukaar, Plantkillable","Put a book named 'credits' inside a notice board","Supplementaries Team License v.1.5","Supplementaries Team License v.1.5","Custom - review manually","","https://github.com/MehVahdJukaar/supplementaries/issues","LICENSE_Supplementaries.md","1","LICENSE_Supplementaries.md","","","False","","5760d4a60b539a94ef7a19ae17ccc22818979780","v0.0.1-Alpha","fFEIiSDQ","supplementaries","Supplementaries","LicenseRef-Supplementaries-Team-License","","https://github.com/MehVahdJukaar/Supplementaries-Team-License/blob/main/LICENSE.md","Custom (LicenseRef)","https://modrinth.com/mod/supplementaries","ModrinthCustom"
"TerraBlender-neoforge-1.21.1-4.1.0.8.jar","False","","NeoForge","terrablender, neoforge","TerraBlender","${file.jarVersion}","Adubbz","Joseph T. McQuigg","LGPLv3","LGPL","Weak copyleft","https://www.curseforge.com/minecraft/mc-mods/terrablender","https://github.com/Glitchfiend/TerraBlender/issues","","0","","","","False","","744394d979b422be560babf9df7a6800ede9ac5b","v0.0.1-Alpha","kkmrDlKT","terrablender","TerraBlender","LGPL-3.0-only","GNU Lesser General Public License v3.0 only","https://github.com/Glitchfiend/TerraBlender/blob/TB-1.19.3-2.1.x/LICENSE","Weak copyleft","https://modrinth.com/mod/terrablender","Match"
"tesseract-api-neoforge-1.12.13-1.21.1.jar","False","","NeoForge","tesseract_api, neoforge, modern_industrialization","Tesseract API","1.12.13-1.21.1","Swedz","","MIT","MIT","Permissive","https://github.com/Swedz/tesseract-neoforge","https://github.com/Swedz/tesseract-neoforge/issues","LICENSE","1","LICENSE","","","False","","b91a7915bdd4def97aaa1040b690e71858a766b3","v0.0.1-Alpha","pHNT1iyc","tesseract-api","Tesseract API","MIT","MIT License","","Permissive","https://modrinth.com/mod/tesseract-api","Match"
"tfmg-1.2.0.jar","False","","NeoForge","tfmg, neoforge, minecraft, create","Create: The Factory Must Grow","1.2.0","DrMangoTea, Pepa, Luna","","MIT","MIT","Permissive","","","","0","","","","False","","b520f3687f60a69eb265ff5b9a16759b9e124103","v0.0.1-Alpha","USgVjXsk","create-tfmg","Create: The Factory Must Grow","MIT","MIT License","","Permissive","https://modrinth.com/mod/create-tfmg","Match"
"the_bumblezone-7.15.0+1.21.1-neoforge.jar","False","","NeoForge","the_bumblezone","The Bumblezone","7.15.0+1.21.1-neoforge","TelepathicGrunt","Thanks to Commoble for suggesting this awesome name for this mod! Special thanks to all the Forge tutorials and debugging help from other modders to help make this mod possible!","MIT","MIT","Permissive","https://www.curseforge.com/projects/362479","https://github.com/TelepathicGrunt/Bumblezone/issues","LICENSE.txt; LICENSE_ASSETS.txt","2","LICENSE.txt","LICENSE_ASSETS.txt","","True","","94c3eca6360f65c641a3b869cc5be27ac4f3d1bd","v0.0.1-Alpha","38tpSycf","the-bumblezone","The Bumblezone - NeoForge/Forge","LicenseRef-All-Rights-Reserved","","","ARR - check terms","https://modrinth.com/mod/the-bumblezone","MISMATCH"
"The_Undergarden-1.21.1-0.9.6.jar","False","","NeoForge","undergarden, neoforge, minecraft","The Undergarden","0.9.6","quek","","MIT","MIT","Permissive","https://www.curseforge.com/minecraft/mc-mods/the-undergarden","https://github.com/quek04/The-Undergarden/issues","","0","","","","False","","75f1753eefa0b7b8e3afd7377deaf9fe71392476","v0.0.1-Alpha","Ejfl5qDL","the-undergarden","The Undergarden","LicenseRef-All-Rights-Reserved","","","ARR - check terms","https://modrinth.com/mod/the-undergarden","MISMATCH"
"theurgy_kubejs-1.21.1-neoforge-1.5.1.jar","False","","NeoForge","theurgy_kubejs, neoforge, theurgy, kubejs","Theurgy KubeJS","1.5.1","Kli Kli","See https://github.com/klikli-dev/theurgy-kubejs#licensing","MIT AND CC-BY-4.0","CC BY","CC (attribution)","https://www.curseforge.com/minecraft/mc-mods/theurgy-kubejs","https://github.com/klikli-dev/theurgy-kubejs/issues","","0","","","","False","","f65ff740fd866275c1e9b3e10c7bee895025bd5e","v0.0.1-Alpha","oXj2r26F","theurgy-kubejs","Theurgy KubeJS","MIT","MIT License","https://github.com/klikli-dev/theurgy-kubejs/blob/main/README.md#licensing","Permissive","https://modrinth.com/mod/theurgy-kubejs","MISMATCH"
"theurgy-1.21.1-neoforge-1.73.1.jar","False","","NeoForge","theurgy, neoforge, modonomicon, almostunified, geckolib, jei, jade","Theurgy","1.73.1","Kli Kli","See https://github.com/klikli-dev/theurgy#licensing","MIT AND CC-BY-4.0","CC BY","CC (attribution)","https://www.curseforge.com/minecraft/mc-mods/theurgy","https://github.com/klikli-dev/theurgy/issues","","0","","","","False","","8ce405ecd5e98c3e6b7d8aed2746e04c7e4d7b67","v0.0.1-Alpha","uOVMgoil","theurgy","Theurgy","MIT","MIT License","https://github.com/klikli-dev/theurgy#licensing","Permissive","https://modrinth.com/mod/theurgy","MISMATCH"
"titanium-1.21-4.0.43.jar","False","","NeoForge","titanium, neoforge","Titanium","${file.jarVersion}","TheCodedOne, Buuz135","","GNU LESSER GENERAL PUBLIC LICENSE","LGPL","Weak copyleft","","","LICENSE.txt; LICENSE.html","2","LICENSE.txt; LICENSE.html","","","False","","e2f62d1bcdd38dd91679a2114e9946d9415746ee","v0.0.1-Alpha","1Ro7m06l","titanium","Titanium","MIT","MIT License","","Permissive","https://modrinth.com/mod/titanium","MISMATCH"
"ToughAsNails-neoforge-1.21.1-10.1.0.13.jar","False","","NeoForge","toughasnails, neoforge, glitchcore, sereneseasons","Tough As Nails","10.1.0.13","Adubbz, Forstride","","All Rights Reserved","All Rights Reserved","ARR - check terms","https://www.curseforge.com/minecraft/mc-mods/tough-as-nails","https://github.com/Glitchfiend/ToughAsNails/issues","","0","","","","False","","38046bbfcd35cb1eb2bd17d9a9c3428b9750a82a","v0.0.1-Alpha","ge1sOdFH","tough-as-nails","Tough As Nails","LicenseRef-All-Rights-Reserved","","","ARR - check terms","https://modrinth.com/mod/tough-as-nails","Match"
"towntalk-1.2.0.jar","False","","NeoForge","towntalk, neoforge, minecraft","Towntalk","1.2.0","LDTTeam","","All Rights Reserved","All Rights Reserved","ARR - check terms","","","","0","","","","False","","6866d898938bdde1a17fadee16983c0c6071eac6","v0.0.1-Alpha","","","","","","","","","NotOnModrinth"
"trashcans-1.0.18c-neoforge-mc1.21.jar","False","","NeoForge","trashcans, neoforge, minecraft, supermartijn642corelib, supermartijn642configlib","Trash Cans","1.0.18+c","SuperMartijn642","","All rights reserved","All Rights Reserved","ARR - check terms","https://www.curseforge.com/minecraft/mc-mods/trash-cans","https://github.com/SuperMartijn642/TrashCans/issues","","0","","","","False","","8e853e0784b01b36b4503ef5599be2724be74b07","v0.0.1-Alpha","4QrnfueM","trash-cans","Trash Cans","LicenseRef-All-Rights-Reserved","","","ARR - check terms","https://modrinth.com/mod/trash-cans","Match"
"trashslot-neoforge-1.21.1-21.1.11.jar","False","","NeoForge","trashslot, neoforge, minecraft, balm","TrashSlot","21.1.11","BlayTheNinth","BlayTheNinth","All Rights Reserved","All Rights Reserved","ARR - check terms","https://mods.twelveiterations.com/minecraft/trashslot","https://github.com/TwelveIterations/TrashSlot/issues","LICENSE_TrashSlot","1","LICENSE_TrashSlot","","","False","","ce09d0128e6a7d225e731e1307f9c1deddac209a","v0.0.1-Alpha","vRYk0bv7","trashslot","TrashSlot","LicenseRef-All-Rights-Reserved","","https://mods.twelveiterations.com/permissions","ARR - check terms","https://modrinth.com/mod/trashslot","Match"
"TravelersTitles-1.21.1-NeoForge-5.1.3.jar","False","","NeoForge","travelerstitles, minecraft, neoforge, yungsapi","Traveler's Titles","1.21.1-NeoForge-5.1.3","YUNGNICKYOUNG","Thanks so much to all my patrons!","LGPLv3","LGPL","Weak copyleft","https://www.curseforge.com/minecraft/mc-mods/travelers-titles-neoforge","https://github.com/yungnickyoung/Travelers-Titles","LICENSE_TravelersTitles","1","LICENSE_TravelersTitles","","","False","","166cba4d367c6dd103d1d5dcab7a31174bec799e","v0.0.1-Alpha","JtifUr64","travelers-titles","Traveler's Titles","LGPL-3.0-only","GNU Lesser General Public License v3.0 only","","Weak copyleft","https://modrinth.com/mod/travelers-titles","Match"
"treetap-1.21.1-0.4.6.jar","False","","NeoForge","treetap, neoforge, minecraft","Tree Tap","1.21.1-0.4.6","LobsterJonn","","All Rights Reserved","All Rights Reserved","ARR - check terms","","","","0","","","","False","","d7423d6ac17c8298546261e6e210cafa2fb5ff79","v0.0.1-Alpha","","","","","","","","","NotOnModrinth"
"trmt-0.5.1-1.21.1-neoforge.jar","False","","NeoForge","trmt, neoforge, minecraft","The Roads More Travelled","0.5.1-1.21.1-neoforge","milkucha","","CC-BY-NC-4.0","CC BY-NC","CC (non-commercial)","","","","0","","","","False","","3d2a0b7c28390a8ebe590945aea9fa1208d88c36","v0.0.1-Alpha","74oZhrEe","the-roads-more-travelled","The Roads More Travelled [TRMT]","CC-BY-NC-4.0","Creative Commons Attribution Non Commercial 4.0 International","","CC (non-commercial)","https://modrinth.com/mod/the-roads-more-travelled","Match"
"Tropicraft-9.8.1.jar","False","","NeoForge","tropicraft, neoforge, minecraft","Tropicraft","9.8.1","Cojomax99, Corosus, tterrag","Mr_okushama, MrRube, newthead, pablomittens, fotoply, and others who have contributed over the years <3","Mozilla Public License Version 2.0","MPL-2.0","Weak copyleft","https://tropicraft.net","https://github.com/Tropicraft/Tropicraft/issues","","0","","","","False","","9ecbd957f3c5fe0adfd4f3f533700ae57cba8720","v0.0.1-Alpha","20zpzIT1","tropicraft","Tropicraft","MPL-2.0","Mozilla Public License 2.0","","Weak copyleft","https://modrinth.com/mod/tropicraft","Match"
"twilightforest-1.21.1-4.8.3345-universal.jar","False","","NeoForge","twilightforest, neoforge, minecraft","The Twilight Forest","4.8.3345","Benimatic, AtomicBlom, Drullkus, Killer_Demon, quadraxis, Tamaized, williewillus, Andromander, GizmoTheMoonPig, jodlodi, SleepyHorse","By Benimatic (Ben Mazur)","GNU LESSER GENERAL PUBLIC LICENSE Version 2.1","LGPL","Weak copyleft","https://www.curseforge.com/minecraft/mc-mods/the-twilight-forest","https://github.com/TeamTwilight/twilightforest/issues","","0","","","","False","","9cfd4154928433e2f1f6cfc3deb48c284debb580","v0.0.1-Alpha","","","","","","","","","NotOnModrinth"
"UniLib-1.2.1+1.21.1-neoforge.jar","False","","NeoForge","unilib, neoforge, minecraft","UniLib","1.2.1","CDAGaming","","MIT","MIT","Permissive","https://www.curseforge.com/minecraft/mc-mods/unilib","https://gitlab.com/CDAGaming/UniLib/issues","","0","","","","False","","4833a5685125ece15fed1108a5a7064527dc9d69","v0.0.1-Alpha","nT86WUER","unilib","UniLib","MIT","MIT License","https://gitlab.com/CDAGaming/UniLib/-/blob/main/LICENSE","Permissive","https://modrinth.com/mod/unilib","Match"
"universalgrid-neoforge-1.21.1-0.3.2.jar","False","","NeoForge","universalgrid, refinedstorage_quartz_arsenal, refinedstorage","Universal Grid","1.21.1-0.3.2","Ultramega","","MIT","MIT","Permissive","https://www.curseforge.com/minecraft/mc-mods/universal-grid","https://github.com/starforcraft/Universal-Grid/issues","","0","","","","False","","eb1ce26776649de464ac4f810810c13294d9e6d2","v0.0.1-Alpha","kpMfA312","universal-grid","Universal Grid","MIT","MIT License","","Permissive","https://modrinth.com/mod/universal-grid","Match"
"uranus-2.4.1-1.21.1-neoforge.jar","False","","NeoForge","uranus, neoforge, minecraft, architectury","Uranus","2.4.1","IAFEnvoy","","LGPL-3.0","LGPL","Weak copyleft","","https://github.com/IAFEnvoy/Uranus/issues","","0","","","","False","","2d689d2d9e5861ea0a382a459fa8fb0a3e4b5091","v0.0.1-Alpha","3Acxy864","uranus","Uranus","LGPL-3.0-or-later","GNU Lesser General Public License v3.0 or later","","Weak copyleft","https://modrinth.com/mod/uranus","Match"
"utilitarian-1.21.1-0.13.15.jar","False","","NeoForge","utilitarian, neoforge, minecraft","Utilitarian","1.21.1-0.13.15","LobsterJonn","","All Rights Reserved","All Rights Reserved","ARR - check terms","","","","0","","","","False","","c64bf9b32edd80af141cccbe346988801897a8c1","v0.0.1-Alpha","odpTfrvd","utilitarian","Utilitarian","LicenseRef-All-Rights-Reserved","","","ARR - check terms","https://modrinth.com/mod/utilitarian","Match"
"valhelsia_core-neoforge-1.21.1-1.1.4.jar","False","","NeoForge","valhelsia_core, neoforge, minecraft","Valhelsia Core","1.1.4","","","All Rights Reserved","All Rights Reserved","ARR - check terms","","","","0","","","","False","","018cfbf150953b9f23923e6d6c760f102583b28f","v0.0.1-Alpha","HsdNFinx","valhelsia-core","Valhelsia Core","LicenseRef-Custom","","","Custom (LicenseRef)","https://modrinth.com/mod/valhelsia-core","ModrinthCustom"
"vampire_spells_addon-neoforge-1.21.1-0.0.6.jar","False","","NeoForge","vampire_spells_addon, neoforge, minecraft, vampirism, irons_spellbooks","Vampire Spells Addon","1.21.1-0.0.6","xsharov","Based on Iron's Spells 'n Spellbooks by Iron431 and Vampirism by maxanier & cheaterpaul","MIT","MIT","Permissive","https://github.com/xsharov/VampireSpellsAddon","https://github.com/xsharov/VampireSpellsAddon/issues","","0","","","","False","","32ea6d5f0e4efc95ac727da2d8d7f65a6c411eca","v0.0.1-Alpha","8D0TiNOF","vampirism-irons-spells-compatibility","Vampirism Iron's Spells Compatibility","MIT","MIT License","","Permissive","https://modrinth.com/mod/vampirism-irons-spells-compatibility","Match"
"VampiresDelight-1.21.1-0.1.12b.jar","False","","NeoForge","vampiresdelight, neoforge, minecraft, vampirism, farmersdelight","Vampire's Delight","0.1.12b","GridExpert","- Cheaterpaul (Vampirism and code assistance)
    - Maxanier (Vampirism)
    - Vectorwing (Farmer's Delight)
    - Lunofe/Zin (code and balance)
    - HidekiHrk (code)
Translators:
    - DimensionPainter (Russian)
    - Cursed Shadow (French)
    - stairs (Chinese)","MIT","MIT","Permissive","https://github.com/TheGridExpert/VampiresDelight","https://github.com/TheGridExpert/VampiresDelight/issues","","0","","","","False","","cea638061c8edfcba42e2b39e8c6af5a835bb8f6","v0.0.1-Alpha","9Vo2deFq","vampires-delight","Vampire's Delight","MIT","MIT License","","Permissive","https://modrinth.com/mod/vampires-delight","Match"
"VampiresNeedUmbrellas-1.21.1-1.0.3.jar","False","","NeoForge","vampiresneedumbrellas, neoforge, vampirism, curios","Vampires Need Umbrellas","1.0.3","focamacho","","MIT-1.0","MIT","Permissive","","","","0","","","","False","","80b0bde4bb57fc3109585232df348e1820277d1b","v0.0.1-Alpha","FaUysFni","vampires-need-umbrellas","Vampires Need Umbrellas","MIT","MIT License","","Permissive","https://modrinth.com/mod/vampires-need-umbrellas","Match"
"vampirism_integrations-1.21.1-1.10.2.jar","False","","NeoForge","vampirism_integrations, neoforge, vampirism","Vampirism Integrations","1.10.2","Maxanier","","LGPL-3.0","LGPL","Weak copyleft","https://vampirism.dev","https://github.com/TeamLapen/VampirismIntegrations/issues","","0","","","","False","","d0f3a4378aea64c1abf352b0846400d075fdcced","v0.0.1-Alpha","ygTFuViO","vampirism-integrations","Vampirism Integrations","LGPL-3.0-only","GNU Lesser General Public License v3.0 only","","Weak copyleft","https://modrinth.com/mod/vampirism-integrations","Match"
"Vampirism-1.21-1.10.12.jar","False","","NeoForge","vampirism, neoforge, teamlapenlib, guideapi-vp, jei","Vampirism | Teamlapen Library","1.10.12","maxanier, cheaterpaul","- 1LiterZinalco (triage/textures/models)
     - TheRebelT (textures)
     - TinkerHatWill (textures)
     - Alis (textures)
     - dimensionpainter (textures)
     - S_olace (textures)
     - Mistadon (code/models)
     - wildbill22 (code)
     - LRA_10 (models/textures)
     - Oreo365 (models)
     - Slippingchip400 (models)
     - Йода (textures)
     - XxKidDowdallxX (texture)
     - F_Spade (textures)
     - Matheo (lore)
     - cournualllama2 (lore)
     - special_krab (lore)
     - Random (textures/models)
     - Shumnik (textures/models)
     - BugraaK (textures/models)
     - MrVityaTrash (textures)
     - FrostedOver (textures)
     - Grid (textures/models/structures)
     - T_Corvus (textures)
     - freesound.org (sounds)
     - freeSFX.co.uk (sounds)","LGPL-3.0","LGPL","Weak copyleft","https://vampirism.dev","https://github.com/TeamLapen/Vampirism/issues","assets/vampirism/sounds/reserved/LICENSE.txt; assets/vampirism/sounds/cc/LICENSE.txt; assets/vampirism/textures/LICENCE.txt","3","","assets/vampirism/sounds/reserved/LICENSE.txt; assets/vampirism/sounds/cc/LICENSE.txt; assets/vampirism/textures/LICENCE.txt","","False","","757d63a771a59f30367a9d4b7f8efd9ef0e190dd","v0.0.1-Alpha","jVZ0F1wn","vampirism","Vampirism","LGPL-3.0-only","GNU Lesser General Public License v3.0 only","","Weak copyleft","https://modrinth.com/mod/vampirism","Match"
"variantsandventures-neoforge-1.0.26+mc1.21.1.jar","False","","NeoForge","variantsandventures, neoforge, minecraft, yet_another_config_lib_v3, resourcefullib","Variants&Ventures","1.0.26","Faboslav","","CC-BY-NC-ND-4.0","CC BY-NC-ND","CC (no derivatives)","https://github.com/Faboslav/variants-and-ventures","https://github.com/Faboslav/variants-and-ventures/issues","","0","","","","False","","7c4dff6d6f9f472edfc25813c920742d5e382ee0","v0.0.1-Alpha","lNDRiXkY","variants-and-ventures","Variants&Ventures","LicenseRef-CC-BY-NC-ND-4.0","","https://raw.githubusercontent.com/Faboslav/variants-and-ventures/master/LICENSE.txt","CC (no derivatives)","https://modrinth.com/mod/variants-and-ventures","Match"
"VisualWorkbench-v21.1.1-1.21.1-NeoForge.jar","False","","NeoForge","visualworkbench, neoforge, minecraft, puzzleslib","Visual Workbench","21.1.1","Fuzs","","MPL-2.0","MPL-2.0","Weak copyleft","https://github.com/Fuzss/visualworkbench","https://github.com/Fuzss/visualworkbench/issues","LICENSE-ASSETS.md; LICENSE.md","2","LICENSE.md","LICENSE-ASSETS.md","","True","","74941456944461f39b10504ec9aed8c1e0fb7276","v0.0.1-Alpha","kfqD1JRw","visual-workbench","Visual Workbench","MPL-2.0","Mozilla Public License 2.0","","Weak copyleft","https://modrinth.com/mod/visual-workbench","Match"
"voltaic-1.21.1-1.0.11.jar","False","","NeoForge","voltaic","Voltaic","1.0.11","aurilisdev, skip999","Thanks to all contributors. Roi Pasteque, FITFC, Quarkrus, JSBurger, 9thCore, goshante.","AURILISDEV LICENSE","AURILISDEV LICENSE","Custom - review manually","https://github.com/aurilisdev/Electrodynamics","https://github.com/aurilisdev/Electrodynamics/issues","","0","","","","False","","5dab7e21a80aca4375dacbe64a03c5de8a721802","v0.0.1-Alpha","kzF5itx6","voltaic","Voltaic","LicenseRef-AURILISDEV-LICENSE-1.0.2","","https://github.com/aurilisdev/Electrodynamics/blob/1.20/LICENSE.txt","Custom (LicenseRef)","https://modrinth.com/mod/voltaic","ModrinthCustom"
"waveycapes-neoforge-1.10.2-mc1.21.1.jar","False","","NeoForge","waveycapes, minecraft, neoforge","WaveyCapes","1.10.2","tr7zw","","tr7zw Protective License","tr7zw Protective License","Custom - review manually","https://modrinth.com/mod/wavey-capes","https://github.com/tr7zw/WaveyCapes/issues","LICENSE","1","LICENSE","","","False","","550ef51a41ec455eb770a01e403cce66165326da","v0.0.1-Alpha","kYuIpRLv","wavey-capes","Wavey Capes","LicenseRef-tr7zw-Protective-License","","https://github.com/tr7zw/WaveyCapes/blob/1.18/LICENSE","Custom (LicenseRef)","https://modrinth.com/mod/wavey-capes","ModrinthCustom"
"waystones-neoforge-1.21.1-21.1.37.jar","False","","NeoForge","waystones, neoforge, minecraft, balm","Waystones","21.1.37","BlayTheNinth","BlayTheNinth","All Rights Reserved","All Rights Reserved","ARR - check terms","https://mods.twelveiterations.com/minecraft/waystones","https://github.com/TwelveIterations/Waystones/issues","LICENSE_Waystones","1","LICENSE_Waystones","","","False","","ffada9b8b212102d7bdd006f773ac0b29c5b815c","v0.0.1-Alpha","LOpKHB2A","waystones","Waystones","LicenseRef-All-Rights-Reserved","","https://mods.twelveiterations.com/permissions","ARR - check terms","https://modrinth.com/mod/waystones","Match"
"Werewolves-1.21-2.0.3.3.jar","False","","NeoForge","werewolves, neoforge, vampirism","Werewolves","2.0.3.3","cheaterpaul","RebelT (models/textures), Maxanier (vampirism), 1LiterZinalco (models) Йода (textures), CritterCarnival (textures), Talonerd (textures), https://freesound.org (sounds), Mike (testing/ideas), LilCatGod (testing/ideas)","LGPL-3.0","LGPL","Weak copyleft","https://werewolves.dev","https://github.com/TeamLapen/Werewolves/issues","","0","","","","False","","12a400d50c6e2afdcd96caf73cb80d37877147c8","v0.0.1-Alpha","3ElBohKg","werewolves","Werewolves","LGPL-3.0-only","GNU Lesser General Public License v3.0 only","","Weak copyleft","https://modrinth.com/mod/werewolves","Match"
"wirelesschargers-1.0.9a-neoforge-mc1.21.jar","False","","NeoForge","wirelesschargers, neoforge, minecraft, supermartijn642corelib, supermartijn642configlib","Wireless Chargers","1.0.9+a","SuperMartijn642","","All rights reserved","All Rights Reserved","ARR - check terms","https://www.curseforge.com/minecraft/mc-mods/wireless-chargers","https://github.com/SuperMartijn642/WirelessChargers/issues","","0","","","","False","","129e88001446f07d8d7c790d169f26814346befb","v0.0.1-Alpha","nCk7Sfz8","wireless-chargers","Wireless Chargers","LicenseRef-All-Rights-Reserved","","","ARR - check terms","https://modrinth.com/mod/wireless-chargers","Match"
"witchery-0.4.22.jar","False","","NeoForge","witchery, neoforge, minecraft, kotlinforforge, modonomicon","Witchery","0.4.22","mrsterner","","All Rights Reserved","All Rights Reserved","ARR - check terms","","","","0","","","","False","","a988adcb98903736d80b76f248a1e9e7fa60a625","v0.0.1-Alpha","LCO8KZvC","just-another-witchery-remake","Just Another Witchery Remake","LGPL-3.0-only","GNU Lesser General Public License v3.0 only","","Weak copyleft","https://modrinth.com/mod/just-another-witchery-remake","MISMATCH"
"xaerominimap-neoforge-1.21.1-26.4.2.jar","False","","NeoForge","xaerominimap, neoforge, minecraft, openpartiesandclaims, xaeroworldmap, xaerolib","Xaero's Minimap","26.4.2","xaero96","","All Rights Reserved","All Rights Reserved","ARR - check terms","","https://www.curseforge.com/minecraft/mc-mods/xaeros-minimap/issues","LICENSE_xaerohud","1","","","LICENSE_xaerohud","False","","21b3232e62dabcbb5bf28866481e8de2c0ccb780","v0.0.1-Alpha","1bokaNcj","xaeros-minimap","Xaero's Minimap","LicenseRef-All-Rights-Reserved","","","ARR - check terms","https://modrinth.com/mod/xaeros-minimap","Match"
"xaerotrainmap-1.0.0.jar","False","","NeoForge","xaerotrainmap, neoforge, minecraft, xaeroworldmap, create","Xaero Train Map","1.0.0","1Foxy2","","mit","MIT","Permissive","https://modrinth.com/project/xaero-train-map","https://github.com/1foxy2/xaero-train-map/issues","","0","","","","False","","4b9d3a53247b2f3977e32b246be5aeb131504eae","v0.0.1-Alpha","Ov2r3aVY","xaero-train-map","Xaero Train Map","MIT","MIT License","","Permissive","https://modrinth.com/mod/xaero-train-map","Match"
"xaeroworldmap-neoforge-1.21.1-1.44.2.jar","False","","NeoForge","xaeroworldmap, neoforge, minecraft, openpartiesandclaims, xaerominimap, xaerobetterpvp, xaerolib","Xaero's World Map","1.44.2","xaero96","","All Rights Reserved","All Rights Reserved","ARR - check terms","","","","0","","","","False","","beea95c1a2ca78e1a6ca0a0ddc7770672101fb60","v0.0.1-Alpha","NcUtCpym","xaeros-world-map","Xaero's World Map","LicenseRef-All-Rights-Reserved","","","ARR - check terms","https://modrinth.com/mod/xaeros-world-map","Match"
"xnet-1.21-7.0.7.jar","False","","NeoForge","xnet, neoforge, mcjtylib, rftoolsbase","XNet","${file.jarVersion}","McJty","","MIT License https://github.com/McJtyMods/XNet/blob/1.21_neo/LICENCE","MIT","Permissive","http://github.com/McJtyMods/XNet/","http://github.com/McJtyMods/XNet/issues","","0","","","","False","","3ee807801ee484ee06d53d0bdb9ed85a6f10abf5","v0.0.1-Alpha","iu1jkWqa","xnet","XNet","MIT","MIT License","","Permissive","https://modrinth.com/mod/xnet","Match"
"xtonesreworked-1.1.1-1.21.1.jar","False","","NeoForge","xtonesreworked, neoforge, minecraft","XTones Reworked","1.1.1-1.21.1","TobsenD","","MIT","MIT","Permissive","","","","0","","","","False","","2daa001d39b43ba379991b944e022ab365c74cfd","v0.0.1-Alpha","","","","","","","","","NotOnModrinth"
"xycraft_core-0.7.53-all.jar","False","","NeoForge","xycraft_core, neoforge, minecraft","XyCraft Core","0.7.53","Soaryn","Thanks to Amadornes for being such a massive help","All rights reserved","All Rights Reserved","ARR - check terms","","https://github.com/Soaryn/XyCraftTracker/issues","","0","","","","False","","c734345c9c5eff8f50551a344fff6b5f1c14c6e7","v0.0.1-Alpha","","","","","","","","","NotOnModrinth"
"xycraft_machines-0.7.53.jar","False","","NeoForge","xycraft_machines, neoforge, minecraft, xycraft_core, xycraft_world","XyCraft Machines","0.7.53","Soaryn","Thanks to Amadornes for being such a massive help","All rights reserved","All Rights Reserved","ARR - check terms","","https://github.com/Soaryn/XyCraftTracker/issues","","0","","","","False","","db40db00830c67a33ac48c1dd9617f67069b22b4","v0.0.1-Alpha","","","","","","","","","NotOnModrinth"
"xycraft_override-0.7.53.jar","False","","NeoForge","xycraft_override, neoforge, minecraft, xycraft_core, xycraft_world","XyCraft Override","0.7.53","Soaryn","Thanks to Amadornes for being such a massive help","All rights reserved","All Rights Reserved","ARR - check terms","","https://github.com/Soaryn/XyCraftTracker/issues","","0","","","","False","","0fe04397966d3a6a04fd65b6d55a8e6b5623b7be","v0.0.1-Alpha","","","","","","","","","NotOnModrinth"
"xycraft_world-0.7.53.jar","False","","NeoForge","xycraft_world, neoforge, minecraft, xycraft_core","XyCraft World","0.7.53","Soaryn","Thanks to Amadornes for being such a massive help; Kryppers for providing the logos as well as various sprite art!","All rights reserved","All Rights Reserved","ARR - check terms","","https://github.com/Soaryn/XyCraftTracker/issues","","0","","","","False","","100aed4d7cc9f10aa21f3571d9c367a4bd44cf6f","v0.0.1-Alpha","","","","","","","","","NotOnModrinth"
"yet_another_config_lib_v3-3.8.2+1.21.1-neoforge.jar","False","","NeoForge","yet_another_config_lib_v3, neoforge, minecraft","YetAnotherConfigLib","3.8.2+1.21.1-neoforge","isXander","","LGPL-3.0-or-later","LGPL","Weak copyleft","","","","0","","","","False","","fe270c9f6e0a8142cf316944087f5109cef08bbb","v0.0.1-Alpha","1eAoo2KR","yacl","YetAnotherConfigLib (YACL)","LGPL-3.0-or-later","GNU Lesser General Public License v3.0 or later","","Weak copyleft","https://modrinth.com/mod/yacl","Match"
"YungsApi-1.21.1-NeoForge-5.1.6.jar","False","","NeoForge","yungsapi, minecraft, neoforge","YUNG's API","1.21.1-NeoForge-5.1.6","YUNGNICKYOUNG","Thanks so much to all my patrons!","LGPLv3","LGPL","Weak copyleft","https://www.curseforge.com/minecraft/mc-mods/yungs-api-neoforge","https://github.com/yungnickyoung/YUNGs-Api/issues","LICENSE_YungsApi","1","LICENSE_YungsApi","","","False","","e1c394779fb9e038e4f7a1b4558d0432607d263b","v0.0.1-Alpha","Ua7DFN59","yungs-api","YUNG's API","LGPL-3.0-only","GNU Lesser General Public License v3.0 only","","Weak copyleft","https://modrinth.com/mod/yungs-api","Match"
"YungsBetterDesertTemples-1.21.1-NeoForge-4.1.5.jar","False","","NeoForge","betterdeserttemples, minecraft, neoforge, yungsapi","YUNG's Better Desert Temples","1.21.1-NeoForge-4.1.5","YUNGNICKYOUNG, Tera","Thanks so much to all my patrons!","LGPLv3","LGPL","Weak copyleft","https://www.curseforge.com/minecraft/mc-mods/yungs-better-desert-temples-neoforge","https://github.com/yungnickyoung/YUNGs-Better-Desert-Temples/issues","LICENSE_YungsBetterDesertTemples","1","LICENSE_YungsBetterDesertTemples","","","False","","90529257dbd92558998c65178294bc7b2fd16a64","v0.0.1-Alpha","XNlO7sBv","yungs-better-desert-temples","YUNG's Better Desert Temples","LGPL-3.0-only","GNU Lesser General Public License v3.0 only","","Weak copyleft","https://modrinth.com/mod/yungs-better-desert-temples","Match"
"YungsBetterDungeons-1.21.1-NeoForge-5.1.4.jar","False","","NeoForge","betterdungeons, minecraft, neoforge, yungsapi","YUNG's Better Dungeons","1.21.1-NeoForge-5.1.4","YUNGNICKYOUNG, Acarii","Thanks so much to all my patrons!","LGPLv3","LGPL","Weak copyleft","https://www.curseforge.com/minecraft/mc-mods/yungs-better-dungeons-neoforge","https://github.com/yungnickyoung/YUNGs-Better-Dungeons/issues","LICENSE_YungsBetterDungeons","1","LICENSE_YungsBetterDungeons","","","False","","73a660c13063450e555e5e2c015ae24d606b32b4","v0.0.1-Alpha","o1C1Dkj5","yungs-better-dungeons","YUNG's Better Dungeons","LGPL-3.0-only","GNU Lesser General Public License v3.0 only","","Weak copyleft","https://modrinth.com/mod/yungs-better-dungeons","Match"
"YungsBetterEndIsland-1.21.1-NeoForge-3.1.2.jar","False","","NeoForge","betterendisland, minecraft, neoforge, yungsapi","YUNG's Better End Island","1.21.1-NeoForge-3.1.2","YUNGNICKYOUNG, Acarii","Thanks so much to all my patrons!","LGPLv3","LGPL","Weak copyleft","https://www.curseforge.com/minecraft/mc-mods/yungs-better-end-island-neoforge","https://github.com/yungnickyoung/YUNGs-Better-End-Island/issues","LICENSE_YungsBetterEndIsland","1","LICENSE_YungsBetterEndIsland","","","False","","832f2c17425debe74a9f267f4136f1a0f0221d19","v0.0.1-Alpha","2BwBOmBQ","yungs-better-end-island","YUNG's Better End Island","LGPL-3.0-only","GNU Lesser General Public License v3.0 only","","Weak copyleft","https://modrinth.com/mod/yungs-better-end-island","Match"
"YungsBetterJungleTemples-1.21.1-NeoForge-3.1.2.jar","False","","NeoForge","betterjungletemples, minecraft, neoforge, yungsapi","YUNG's Better Jungle Temples","1.21.1-NeoForge-3.1.2","YUNGNICKYOUNG, Tera","Thanks so much to all my patrons!","LGPLv3","LGPL","Weak copyleft","https://www.curseforge.com/minecraft/mc-mods/yungs-better-jungle-temples-neoforge","https://github.com/yungnickyoung/YUNGs-Better-Jungle-Temples/issues","LICENSE_YungsBetterJungleTemples","1","LICENSE_YungsBetterJungleTemples","","","False","","d6b7ce6cf351b09cbd23147ff166c35cfdc572e8","v0.0.1-Alpha","z9Ve58Ih","yungs-better-jungle-temples","YUNG's Better Jungle Temples","LGPL-3.0-only","GNU Lesser General Public License v3.0 only","","Weak copyleft","https://modrinth.com/mod/yungs-better-jungle-temples","Match"
"YungsBetterMineshafts-1.21.1-NeoForge-5.1.1.jar","False","","NeoForge","bettermineshafts, minecraft, neoforge, yungsapi","YUNG's Better Mineshafts","1.21.1-NeoForge-5.1.1","YUNGNICKYOUNG","Thanks so much to all my patrons!","LGPLv3","LGPL","Weak copyleft","https://www.curseforge.com/minecraft/mc-mods/yungs-better-mineshafts-neoforge","https://github.com/yungnickyoung/YUNGs-Better-Mineshafts/issues","LICENSE_YungsBetterMineshafts","1","LICENSE_YungsBetterMineshafts","","","False","","6a14e1d8201f068ca87ef8333e471c5378955906","v0.0.1-Alpha","HjmxVlSr","yungs-better-mineshafts","YUNG's Better Mineshafts","LGPL-3.0-only","GNU Lesser General Public License v3.0 only","","Weak copyleft","https://modrinth.com/mod/yungs-better-mineshafts","Match"
"YungsBetterNetherFortresses-1.21.1-NeoForge-3.1.5.jar","False","","NeoForge","betterfortresses, minecraft, neoforge, yungsapi","YUNG's Better Nether Fortresses","1.21.1-NeoForge-3.1.5","YUNGNICKYOUNG, Acarii","Thanks so much to all my patrons!","LGPLv3","LGPL","Weak copyleft","https://www.curseforge.com/minecraft/mc-mods/yungs-better-nether-fortresses-neoforge","https://github.com/yungnickyoung/YUNGs-Better-Fortresses/issues","LICENSE_YungsBetterNetherFortresses","1","LICENSE_YungsBetterNetherFortresses","","","False","","4061ece2141475227646649046fc14c2da505922","v0.0.1-Alpha","Z2mXHnxP","yungs-better-nether-fortresses","YUNG's Better Nether Fortresses","LGPL-3.0-only","GNU Lesser General Public License v3.0 only","","Weak copyleft","https://modrinth.com/mod/yungs-better-nether-fortresses","Match"
"YungsBetterOceanMonuments-1.21.1-NeoForge-4.1.2.jar","False","","NeoForge","betteroceanmonuments, minecraft, neoforge, yungsapi","YUNG's Better Ocean Monuments","1.21.1-NeoForge-4.1.2","YUNGNICKYOUNG, Tera","Thanks so much to all my patrons!","LGPLv3","LGPL","Weak copyleft","https://www.curseforge.com/minecraft/mc-mods/yungs-better-ocean-monuments-neoforge","https://github.com/yungnickyoung/YUNGs-Better-Ocean-Monuments/issues","LICENSE_YungsBetterOceanMonuments","1","LICENSE_YungsBetterOceanMonuments","","","False","","fba629defdb92ad99ec4f411895afb6e19555a18","v0.0.1-Alpha","3dT9sgt4","yungs-better-ocean-monuments","YUNG's Better Ocean Monuments","LGPL-3.0-only","GNU Lesser General Public License v3.0 only","","Weak copyleft","https://modrinth.com/mod/yungs-better-ocean-monuments","Match"
"YungsBetterStrongholds-1.21.1-NeoForge-5.1.3.jar","False","","NeoForge","betterstrongholds, minecraft, neoforge, yungsapi","YUNG's Better Strongholds","1.21.1-NeoForge-5.1.3","YUNGNICKYOUNG, Acarii","Thanks so much to all my patrons!","LGPLv3","LGPL","Weak copyleft","https://www.curseforge.com/minecraft/mc-mods/yungs-better-strongholds-neoforge","https://github.com/yungnickyoung/YUNGs-Better-Strongholds/issues","LICENSE_YungsBetterStrongholds","1","LICENSE_YungsBetterStrongholds","","","False","","5d06a5850af7c577612d4592706a8e156bbe1cbf","v0.0.1-Alpha","kidLKymU","yungs-better-strongholds","YUNG's Better Strongholds","LGPL-3.0-only","GNU Lesser General Public License v3.0 only","","Weak copyleft","https://modrinth.com/mod/yungs-better-strongholds","Match"
"YungsBetterWitchHuts-1.21.1-NeoForge-4.1.1.jar","False","","NeoForge","betterwitchhuts, minecraft, neoforge, yungsapi","YUNG's Better Witch Huts","1.21.1-NeoForge-4.1.1","YUNGNICKYOUNG, Acarii","Thanks so much to all my patrons!","LGPLv3","LGPL","Weak copyleft","https://www.curseforge.com/minecraft/mc-mods/yungs-better-witch-huts-neoforge","https://github.com/yungnickyoung/YUNGs-Better-Witch-Huts/issues","LICENSE_YungsBetterWitchHuts","1","LICENSE_YungsBetterWitchHuts","","","False","","bbf6c91f4a2829c58bc024eaaab821986bc93de6","v0.0.1-Alpha","t5FRdP87","yungs-better-witch-huts","YUNG's Better Witch Huts","LGPL-3.0-only","GNU Lesser General Public License v3.0 only","","Weak copyleft","https://modrinth.com/mod/yungs-better-witch-huts","Match"
"YungsBridges-1.21.1-NeoForge-5.1.1.jar","False","","NeoForge","yungsbridges, minecraft, neoforge, yungsapi","YUNG's Bridges","1.21.1-NeoForge-5.1.1","YUNGNICKYOUNG","Thanks so much to all my patrons!","LGPLv3","LGPL","Weak copyleft","https://www.curseforge.com/minecraft/mc-mods/yungs-bridges-neoforge","https://github.com/yungnickyoung/YUNGs-Bridges/issues","LICENSE_YungsBridges","1","LICENSE_YungsBridges","","","False","","18099c2d54acd16bb8ab90a66f40fa16496d065e","v0.0.1-Alpha","Ht4BfYp6","yungs-bridges","YUNG's Bridges","LGPL-3.0-only","GNU Lesser General Public License v3.0 only","","Weak copyleft","https://modrinth.com/mod/yungs-bridges","Match"
"ZeroCore2-1.21.1-2.4.9.jar","False","","NeoForge","zerocore, minecraft, neoforge","Zero CORE 2","1.21.1-2.4.9","ZeroNoRyouki","","All rights reserved","All Rights Reserved","ARR - check terms","https://www.curseforge.com/minecraft/mc-mods/zerocore","https://github.com/ZeroNoRyouki/ZeroCore2/issues","LICENSE.txt","1","LICENSE.txt","","","False","","c7e7f135039df964a704245d05ca41ff2df2f496","v0.0.1-Alpha","rHpb85Mf","zerocore","ZeroCore","LicenseRef-All-Rights-Reserved","","","ARR - check terms","https://modrinth.com/mod/zerocore","Match"
"Zeta-1.1-40.jar","False","","NeoForge","zeta, neoforge","Zeta","1.1-40","Vazkii, quat, IThundxr, Siuol, wiresegal, MehVahdJukaar","","https://github.com/VazkiiMods/Zeta/blob/master/LICENSE.md","https://github.com/VazkiiMods/Zeta/blob/master/LICENSE.md","Custom (URL)","","https://github.com/VazkiiMods/Zeta","","0","","","","False","","72f6efe421cfc0547c774ae8241d727b7d996754","v0.0.1-Alpha","MVARlG2f","zeta","Zeta","CC-BY-NC-SA-3.0","Creative Commons Attribution Non Commercial Share Alike 3.0 Unported","https://github.com/VazkiiMods/Zeta/blob/main/LICENSE.md","CC (non-commercial)","https://modrinth.com/mod/zeta","MISMATCH"
